"","ID","fixed.acidity","volatile.acidity","citric.acid","residual.sugar","chlorides","free.sulfur.dioxide","total.sulfur.dioxide","density","pH","sulphates","alcohol","type","location","kwality"
"1",5464,6.6,0.84,0.03,2.3,0.059,32,48,0.9952,3.52,0.56,12.3,"red","California",6
"2",5465,7.2,0.54,0.27,2.6,0.084,12,78,0.9964,3.39,0.71,11,"red","Texas",5
"3",5466,8.9,0.565,0.34,3,0.093,16,112,0.9998,3.38,0.61,9.5,"red","Texas",5
"4",5467,6.7,0.13,0.32,3.7,0.017,32,99,0.99348,3.12,0.44,10,"white","California",6
"5",5468,7,0.57,0.02,2,0.072,17,26,0.99575,3.36,0.61,10.2,"red","Texas",5
"6",5469,7,0.17,0.31,4.8,0.034,34,132,0.9944,3.36,0.48,9.6,"white","California",6
"7",5470,7,0.18,0.49,5.3,0.04,34,125,0.9914,3.24,0.4,12.2,"white","California",7
"8",5471,5.7,0.36,0.34,4.2,0.026,21,77,0.9907,3.41,0.45,11.9,"white","California",6
"9",5472,6.6,0.19,0.28,11.8,0.042,54,137,0.99492,3.18,0.37,10.8,"white","California",6
"10",5473,7.8,0.43,0.49,13,0.033,37,158,0.9955,3.14,0.35,11.3,"white","California",6
"11",5474,7.3,0.23,0.41,14.6,0.048,73,223,0.99863,3.16,0.71,9.4,"white","California",6
"12",5475,7.1,0.28,0.28,8.5,0.03,25,191,0.99338,3.16,0.46,12.2,"white","California",6
"13",5476,7.7,0.54,0.26,1.9,0.089,23,147,0.99636,3.26,0.59,9.7,"red","Texas",5
"14",5477,6.5,0.5,0.22,4.1,0.036,35,131,0.9902,3.26,0.55,13,"white","California",7
"15",5478,8,0.705,0.05,1.9,0.074,8,19,0.9962,3.34,0.95,10.5,"red","Texas",5
"16",5479,7.4,0.3,0.3,5.2,0.053,45,163,0.9941,3.12,0.45,10.3,"white","California",6
"17",5480,11.5,0.59,0.59,2.6,0.087,13,49,0.9988,3.18,0.65,11,"red","California",6
"18",5481,7,0.22,0.32,1.6,0.045,40,120,0.9914,2.98,0.44,10.5,"white","California",6
"19",5482,6.8,0.46,0.26,6.3,0.147,49,159,0.99434,3.14,0.47,10,"white","Texas",5
"20",5483,6.8,0.18,0.37,1.5,0.027,37,93,0.992,3.3,0.45,10.8,"white","California",6
"21",5484,7.6,0.5,0.29,2.3,0.086,5,14,0.99502,3.32,0.62,11.5,"red","California",6
"22",5485,8.3,0.61,0.3,2.1,0.084,11,50,0.9972,3.4,0.61,10.2,"red","Texas",5
"23",5486,6.8,0.69,0,5.6,0.124,21,58,0.9997,3.46,0.72,10.2,"red","Texas",5
"24",5487,8.8,0.44,0.49,2.8,0.083,18,111,0.9982,3.3,0.6,9.5,"red","Texas",5
"25",5488,6.4,0.28,0.27,11,0.042,45,148,0.99786,3.14,0.46,8.7,"white","California",6
"26",5489,7,0.15,0.28,14.7,0.051,29,149,0.99792,2.96,0.39,9,"white","California",6
"27",5490,6.8,0.31,0.25,10.5,0.043,30,165,0.9972,3.36,0.55,10.55,"white","Texas",5
"28",5491,7.1,0.3,0.36,6.8,0.055,44.5,234,0.9972,3.49,0.64,10.2,"white","California",6
"29",5492,8.3,0.21,0.49,19.8,0.054,50,231,1.0012,2.99,0.54,9.2,"white","Texas",5
"30",5493,5.8,0.25,0.24,13.3,0.044,41,137,0.9972,3.34,0.42,9.5,"white","Texas",5
"31",5494,6,0.38,0.26,3.5,0.035,38,111,0.98872,3.18,0.47,13.6,"white","California",7
"32",5495,5.3,0.16,0.39,1,0.028,40,101,0.99156,3.57,0.59,10.6,"white","California",6
"33",5496,7,0.28,0.28,1.4,0.039,12,83,0.99173,3.18,0.65,11.1,"white","Texas",6
"34",5497,8.6,0.33,0.34,11.8,0.059,42,240,0.99882,3.17,0.52,10,"white","California",6
"35",5498,7.9,0.51,0.36,6.2,0.051,30,173,0.9984,3.09,0.53,9.7,"white","California",5
"36",5499,7.7,0.17,0.52,5.9,0.017,21,84,0.9929,3.14,0.4,11.9,"white","California",7
"37",5500,7.4,0.25,0.36,13.2,0.067,53,178,0.9976,3.01,0.48,9,"white","Texas",5
"38",5501,8.7,0.3,0.34,4.8,0.018,23,127,0.99474,3.12,0.49,11.2,"white","California",6
"39",5502,8.2,0.43,0.29,1.6,0.081,27,45,0.99603,3.25,0.54,10.3,"red","Texas",5
"40",5503,5.8,0.34,0.16,7,0.037,26,116,0.9949,3.46,0.45,10,"white","California",6
"41",5504,8.1,0.72,0.09,2.8,0.084,18,49,0.9994,3.43,0.72,11.1,"red","California",6
"42",5505,6.9,0.48,0.2,1.9,0.082,9,23,0.99585,3.39,0.43,9.05,"red","Texas",5
"43",5506,7.1,0.34,0.2,6.1,0.063,47,164,0.9946,3.17,0.42,10,"white","Texas",5
"44",5507,7.6,0.26,0.36,1.6,0.032,6,106,0.993,3.15,0.4,10.4,"white","Texas",5
"45",5508,6.4,0.31,0.28,1.5,0.037,12,119,0.9919,3.32,0.51,10.4,"white","California",6
"46",5509,6.2,0.27,0.32,6.3,0.048,47,159,0.99282,3.21,0.6,11,"white","California",6
"47",5510,6.8,0.19,0.36,1.9,0.035,30,96,0.9917,3.15,0.54,10.8,"white","California",6
"48",5511,5.8,0.18,0.37,1.2,0.036,19,74,0.98853,3.09,0.49,12.7,"white","California",7
"49",5512,6.6,0.39,0.39,11.9,0.057,51,221,0.99851,3.26,0.51,8.9,"white","California",6
"50",5513,5.7,0.22,0.25,1.1,0.05,97,175,0.99099,3.44,0.62,11.1,"white","California",6
"51",5514,6,0.34,0.29,6.1,0.046,29,134,0.99462,3.48,0.57,10.7,"white","California",6
"52",5515,6.8,0.16,0.18,1.8,0.046,31,114,0.99226,3.27,0.55,10.8,"white","California",6
"53",5516,7.2,0.33,0.33,1.7,0.061,3,13,0.996,3.23,1.1,10,"red","California",6
"54",5517,7.3,0.23,0.27,2.6,0.035,39,120,0.99138,3.04,0.59,11.3,"white","California",6
"55",5518,6.7,0.3,0.29,2.8,0.025,37,107,0.99159,3.31,0.63,11.3,"white","California",6
"56",5519,10.7,0.9,0.34,6.6,0.112,23,99,1.00289,3.22,0.68,9.3,"red","Texas",4
"57",5520,7.1,0.2,0.34,16,0.05,51,166,0.9985,3.21,0.6,9.2,"white","Texas",6
"58",5521,5.2,0.405,0.15,1.45,0.038,10,44,0.99125,3.52,0.4,11.6,"white","Texas",5
"59",5522,6.6,0.37,0.07,1.4,0.048,58,144,0.9922,3.17,0.38,10,"white","Texas",5
"60",5523,6.3,0.47,0,1.4,0.055,27,33,0.9922,3.45,0.48,12.3,"red","California",7
"61",5524,9.8,0.45,0.38,2.5,0.081,34,66,0.99726,3.15,0.58,9.8,"red","Texas",5
"62",5525,10.1,0.935,0.22,3.4,0.105,11,86,1.001,3.43,0.64,11.3,"red","Texas",5
"63",5526,5.9,0.21,0.23,7.9,0.033,22,130,0.9944,3.38,0.59,10.9,"white","Texas",6
"64",5527,6.5,0.18,0.33,1.4,0.029,35,138,0.99114,3.36,0.6,11.5,"white","California",6
"65",5528,6.6,0.61,0.01,1.9,0.08,8,25,0.99746,3.69,0.73,10.5,"red","California",6
"66",5529,6.4,0.33,0.28,4,0.04,24,81,0.9903,3.26,0.64,12.6,"white","California",7
"67",5530,5.5,0.24,0.45,1.7,0.046,22,113,0.99224,3.22,0.48,10,"white","California",6
"68",5531,7.6,0.48,0.28,10.4,0.049,57,205,0.99748,3.24,0.45,9.3,"white","Texas",5
"69",5532,6.3,0.25,0.53,1.8,0.021,41,101,0.989315,3.19,0.31,13,"white","Texas",6
"70",5533,7.2,0.47,0.16,5.9,0.048,14,125,0.99428,3.09,0.49,9.8,"white","Texas",5
"71",5534,8.8,0.23,0.35,10.7,0.04,26,183,0.9984,2.93,0.49,9.1,"white","California",6
"72",5535,7.9,0.46,0.32,4.1,0.033,40,138,0.9912,3.18,0.44,12.8,"white","California",6
"73",5536,7,0.655,0.16,2.1,0.074,8,25,0.99606,3.37,0.55,9.7,"red","Texas",5
"74",5537,7.1,0.52,0.03,2.6,0.076,21,92,0.99745,3.5,0.6,9.8,"red","Texas",5
"75",5538,7.3,0.22,0.5,13.7,0.049,56,189,0.9994,3.24,0.66,9,"white","California",6
"76",5539,5.9,0.2,0.23,1.5,0.037,38,93,0.99021,3.36,0.49,12,"white","California",7
"77",5540,6.9,0.44,0,1.4,0.07,32,38,0.99438,3.32,0.58,11.4,"red","California",6
"78",5541,7,0.25,0.45,2.3,0.045,40,118,0.99064,3.16,0.48,11.9,"white","California",6
"79",5542,6.6,0.16,0.32,1.4,0.035,49,186,0.9906,3.35,0.64,12.4,"white","California",7
"80",5543,6.5,0.26,0.5,8,0.051,46,197,0.99536,3.18,0.47,9.5,"white","California",6
"81",5544,5.8,0.17,0.34,1.8,0.045,96,170,0.99035,3.38,0.9,11.8,"white","Texas",6
"82",5545,6.6,0.22,0.34,11.6,0.05,59,140,0.99526,3.22,0.4,10.8,"white","California",6
"83",5546,11.5,0.59,0.59,2.6,0.087,13,49,0.9988,3.18,0.65,11,"red","California",6
"84",5547,6.1,0.64,0.02,2.4,0.069,26,46,0.99358,3.47,0.45,11,"red","Texas",5
"85",5548,7.8,0.2,0.28,10.2,0.054,78,186,0.997,3.14,0.46,10,"white","California",6
"86",5549,8.7,0.84,0,1.4,0.065,24,33,0.9954,3.27,0.55,9.7,"red","Texas",5
"87",5550,6.2,0.21,0.24,1.2,0.051,31,95,0.99036,3.24,0.57,11.3,"white","Texas",6
"88",5551,7.2,0.53,0.14,2.1,0.064,15,29,0.99323,3.35,0.61,12.1,"red","California",6
"89",5552,9,0.2,0.33,3.5,0.049,10,40,0.9944,3.14,0.36,9.8,"white","Texas",5
"90",5553,7,0.29,0.35,1.4,0.036,42,109,0.99119,3.31,0.62,11.6,"white","California",6
"91",5554,6.8,0.28,0.36,8,0.045,28,123,0.9928,3.02,0.37,11.4,"white","California",6
"92",5555,8.2,0.64,0.27,2,0.095,5,77,0.99747,3.13,0.62,9.1,"red","California",5
"93",5556,7.2,0.4,0.62,10.8,0.041,70,189,0.9976,3.08,0.49,8.6,"white","Texas",5
"94",5557,6.3,0.26,0.49,1.5,0.052,34,134,0.9924,2.99,0.61,9.8,"white","Texas",5
"95",5558,8.1,0.2,0.28,0.9,0.023,49,87,0.99062,2.92,0.36,11.1,"white","California",6
"96",5559,6.5,0.29,0.52,1.7,0.034,41,193,0.99223,3.25,0.59,10.4,"white","California",6
"97",5560,5.8,0.27,0.22,12.7,0.058,42,206,0.9946,3.32,0.38,12.3,"white","Texas",6
"98",5561,9.8,0.44,0.4,2.8,0.036,35,167,0.9956,2.97,0.39,9.2,"white","Texas",5
"99",5562,8.2,0.61,0.45,5.4,0.03,15,118,0.9954,3.14,0.34,9.6,"white","Texas",5
"100",5563,7.3,0.74,0.08,1.7,0.094,10,45,0.99576,3.24,0.5,9.8,"red","Texas",5
"101",5564,8.8,0.41,0.64,2.2,0.093,9,42,0.9986,3.54,0.66,10.5,"red","Texas",5
"102",5565,6.7,0.54,0.13,2,0.076,15,36,0.9973,3.61,0.64,9.8,"red","Texas",5
"103",5566,8.2,0.915,0.27,2.1,0.088,7,23,0.9962,3.26,0.47,10,"red","Texas",5
"104",5567,7.1,0.44,0.23,5.8,0.035,24,100,0.99062,3.15,0.57,13.2,"white","California",7
"105",5568,7.2,0.4,0.24,8.5,0.055,45,151,0.99626,3.2,0.52,9.2,"white","California",6
"106",5569,11.5,0.35,0.49,3.3,0.07,10,37,1.0003,3.32,0.91,11,"red","California",6
"107",5570,5.2,0.21,0.31,1.7,0.048,17,61,0.98953,3.24,0.37,12,"white","California",6
"108",5571,7.9,0.37,0.31,2.85,0.037,5,24,0.9911,3.19,0.36,11.9,"white","California",6
"109",5572,5.7,0.33,0.32,1.4,0.043,28,93,0.9897,3.31,0.5,12.3,"white","California",6
"110",5573,6.9,0.33,0.26,5,0.027,46,143,0.9924,3.25,0.43,11.2,"white","California",6
"111",5574,5.9,0.44,0.33,1.2,0.049,12,117,0.99134,3.46,0.44,11.5,"white","Texas",5
"112",5575,8.7,0.24,0.35,0.6,0.042,11,71,0.9926,3.08,0.38,10.6,"white","Texas",5
"113",5576,7.7,0.28,0.33,6.7,0.037,32,155,0.9951,3.39,0.62,10.7,"white","California",6
"114",5577,6.5,0.23,0.36,16.3,0.038,43,133,0.99924,3.26,0.41,8.8,"white","California",6
"115",5578,5.6,0.2,0.22,1.3,0.049,25,155,0.99296,3.74,0.43,10,"white","California",6
"116",5579,5.5,0.12,0.33,1,0.038,23,131,0.99164,3.25,0.45,9.8,"white","California",6
"117",5580,9.2,0.27,0.34,10.5,0.043,49,228,0.9974,3.04,0.41,10.4,"white","California",6
"118",5581,6.5,0.22,0.25,17.1,0.05,44,138,1.0001,3.3,0.37,8.8,"white","Texas",5
"119",5582,7.8,0.52,0.25,1.9,0.081,14,38,0.9984,3.43,0.65,9,"red","California",6
"120",5583,6.1,0.22,0.4,1.85,0.031,25,111,0.98966,3.03,0.3,11.8,"white","California",6
"121",5584,6.6,0.15,0.34,5.1,0.055,34,125,0.9942,3.36,0.42,9.6,"white","Texas",5
"122",5585,6.6,0.28,0.41,7,0.046,59,194,0.99558,3.14,0.48,9.4,"white","California",6
"123",5586,6.7,0.21,0.48,14.8,0.05,31,195,0.99942,2.95,0.75,8.8,"white","California",6
"124",5587,7.3,0.55,0.03,1.6,0.072,17,42,0.9956,3.37,0.48,9,"red","Texas",5
"125",5588,6.4,0.24,0.32,14.9,0.047,54,162,0.9968,3.28,0.5,10.2,"white","Texas",6
"126",5589,6.8,0.19,0.33,4.9,0.047,42,130,0.99283,3.12,0.56,11,"white","California",6
"127",5590,7.4,0.49,0.27,2.1,0.071,14,25,0.99388,3.35,0.63,12,"red","California",6
"128",5591,7.3,0.585,0.18,2.4,0.078,15,60,0.99638,3.31,0.54,9.8,"red","Texas",5
"129",5592,7.1,0.715,0,2.35,0.071,21,47,0.99632,3.29,0.45,9.4,"red","Texas",5
"130",5593,5.4,0.18,0.24,4.8,0.041,30,113,0.99445,3.42,0.4,9.4,"white","California",6
"131",5594,7.2,0.6,0.04,2.5,0.076,18,88,0.99745,3.53,0.55,9.5,"red","Texas",5
"132",5595,11.6,0.23,0.57,1.8,0.074,3,8,0.9981,3.14,0.7,9.9,"red","California",6
"133",5596,6.6,0.33,0.41,2,0.027,14,79,0.99063,3.27,0.63,12.4,"white","California",7
"134",5597,7,0.78,0.08,2,0.093,10,19,0.9956,3.4,0.47,10,"red","Texas",5
"135",5598,7.5,0.22,0.29,4.8,0.05,33,87,0.994,3.14,0.42,9.9,"white","Texas",5
"136",5599,6.2,0.22,0.27,1.5,0.064,20,132,0.9938,3.22,0.46,9.2,"white","California",6
"137",5600,8.5,0.21,0.41,4.3,0.036,24,99,0.9947,3.18,0.53,9.7,"white","Texas",5
"138",5601,7.3,0.31,0.69,10.2,0.041,58,160,0.9977,3.06,0.45,8.6,"white","Texas",5
"139",5602,9.9,0.35,0.41,2.3,0.083,11,61,0.9982,3.21,0.5,9.5,"red","Texas",5
"140",5603,7.1,0.15,0.34,5.3,0.034,33,104,0.9953,3.37,0.52,9.3,"white","California",6
"141",5604,6.9,0.24,0.23,7.1,0.041,20,97,0.99246,3.1,0.85,11.4,"white","California",7
"142",5605,5.9,0.22,0.3,1.3,0.052,42,86,0.99069,3.31,0.47,11.55,"white","California",6
"143",5606,7.8,0.27,0.35,1.2,0.05,36,140,0.99138,3.09,0.45,11.2,"white","California",6
"144",5607,7.6,0.23,0.26,15.3,0.067,32,166,0.9986,3.03,0.44,9.2,"white","Texas",5
"145",5608,6.3,0.28,0.29,6.8,0.051,40,143,0.99374,3.43,0.59,11,"white","California",6
"146",5609,11.9,0.38,0.49,2.7,0.098,12,42,1.0004,3.16,0.61,10.3,"red","Texas",5
"147",5610,6.7,0.25,0.23,7.2,0.038,61,220,0.9952,3.14,0.35,9.5,"white","Texas",5
"148",5611,6.6,0.27,0.52,8.1,0.044,53,202,0.99548,3.18,0.48,9.5,"white","California",6
"149",5612,6.3,0.27,0.18,7.7,0.048,45,186,0.9962,3.23,0.47,9,"white","Texas",5
"150",5613,6.9,0.41,0.22,4.2,0.031,10,102,0.993,3,0.86,11.6,"white","Texas",6
"151",5614,8.9,0.59,0.39,2.3,0.095,5,22,0.9986,3.37,0.58,10.3,"red","Texas",5
"152",5615,6.4,0.35,0.35,5.6,0.034,9,148,0.99441,3.17,0.5,9.8,"white","Texas",5
"153",5616,7,0.21,0.28,7.5,0.07,45,185,0.9966,3.34,0.55,9.4,"white","Texas",5
"154",5617,6.9,0.45,0.27,4.7,0.035,17,80,0.99058,3.12,0.36,12.5,"white","California",6
"155",5618,5.1,0.585,0,1.7,0.044,14,86,0.99264,3.56,0.94,12.9,"red","California",7
"156",5619,7.7,0.3,0.42,14.3,0.045,45,213,0.9991,3.18,0.63,9.2,"white","Texas",5
"157",5620,4.6,0.52,0.15,2.1,0.054,8,65,0.9934,3.9,0.56,13.1,"red","Texas",6
"158",5621,9.3,0.61,0.26,3.4,0.09,25,87,0.99975,3.24,0.62,9.7,"red","Texas",5
"159",5622,6,0.29,0.41,10.8,0.048,55,149,0.9937,3.09,0.59,11,"white","California",6
"160",5623,7.8,0.24,0.18,6.7,0.046,33,160,0.9963,3.2,0.56,9.8,"white","California",6
"161",5624,7.8,0.62,0.05,2.3,0.079,6,18,0.99735,3.29,0.63,9.3,"red","Texas",5
"162",5625,9.6,0.655,0.21,2,0.039,21,120,0.99188,3,1,12.6,"white","California",6
"163",5626,7,0.15,0.38,2.2,0.047,33,96,0.9928,3.13,0.39,10.4,"white","Texas",5
"164",5627,11.6,0.47,0.44,1.6,0.147,36,51,0.99836,3.38,0.86,9.9,"red","Texas",6
"165",5628,6.4,0.33,0.3,7.2,0.041,42,168,0.99331,3.22,0.49,11.1,"white","Texas",6
"166",5629,7.3,0.28,0.43,1.7,0.08,21,123,0.9905,3.19,0.42,12.8,"white","Texas",6
"167",5630,5.6,0.49,0.13,4.5,0.039,17,116,0.9907,3.42,0.9,13.7,"white","California",7
"168",5631,6.5,0.33,0.3,3.8,0.036,34,88,0.99028,3.25,0.63,12.5,"white","California",7
"169",5632,8.2,0.2,0.38,3.5,0.053,41,174,0.99306,3.22,0.41,11.6,"white","Texas",6
"170",5633,7,0.57,0,2,0.19,12,45,0.99676,3.31,0.6,9.4,"red","California",5
"171",5634,7.1,0.35,0.24,15.4,0.055,46,198,0.9988,3.12,0.49,8.8,"white","California",6
"172",5635,6.1,0.18,0.38,2.3,0.033,28,111,0.98962,3.16,0.49,12.4,"white","California",7
"173",5636,7.2,0.65,0.02,2.3,0.094,5,31,0.9993,3.67,0.8,9.7,"red","California",6
"174",5637,8.3,0.65,0.1,2.9,0.089,17,40,0.99803,3.29,0.55,9.5,"red","Texas",5
"175",5638,5.8,0.3,0.33,3.5,0.033,25,116,0.99057,3.2,0.44,11.7,"white","Texas",6
"176",5639,7.9,0.4,0.29,1.8,0.157,1,44,0.9973,3.3,0.92,9.5,"red","California",6
"177",5640,7.3,0.22,0.49,9.9,0.031,48,161,0.9937,3.01,0.28,11.2,"white","California",6
"178",5641,6,0.29,0.21,15.55,0.043,20,142,0.99658,3.11,0.54,10.1,"white","California",6
"179",5642,7.6,0.29,0.49,9.6,0.03,45,197,0.9938,3.13,0.38,12.3,"white","California",7
"180",5643,6.4,0.29,0.57,1,0.06,15,120,0.9924,3.06,0.41,9.5,"white","California",6
"181",5644,5.9,0.435,0.16,6.4,0.031,21,134,0.99151,3.24,0.46,12.2,"white","California",6
"182",5645,7.9,0.22,0.49,3.8,0.042,26,105,0.993,3.1,0.39,10.5,"white","Texas",6
"183",5646,6.6,0.4,0.3,5.3,0.038,20,125,0.99204,3.36,0.73,12.6,"white","Texas",6
"184",5647,6.6,0.21,0.31,11.4,0.039,46,165,0.99795,3.41,0.44,9.8,"white","California",6
"185",5648,6.8,0.15,0.33,4.7,0.059,31,118,0.9956,3.43,0.39,9,"white","California",6
"186",5649,6.1,0.38,0.42,5,0.016,31,113,0.99007,3.15,0.31,12.4,"white","California",6
"187",5650,8.2,0.28,0.4,2.4,0.052,4,10,0.99356,3.33,0.7,12.8,"red","California",7
"188",5651,6.8,0.21,0.49,14.5,0.06,50,170,0.9991,3.55,0.44,9.8,"white","California",6
"189",5652,7.2,0.26,0.38,1.5,0.061,12,120,0.99192,3.18,0.46,10.4,"white","California",6
"190",5653,8.2,0.39,0.38,1.5,0.058,10,29,0.9962,3.26,0.74,9.8,"red","Texas",5
"191",5654,6.6,0.085,0.33,1.4,0.036,17,109,0.99306,3.27,0.61,9.5,"white","California",6
"192",5655,7.6,0.21,0.44,1.9,0.036,10,119,0.9913,3.01,0.7,12.8,"white","Texas",6
"193",5656,7,0.35,0.17,1.1,0.049,7,119,0.99297,3.13,0.36,9.7,"white","California",6
"194",5657,10,0.56,0.24,2.2,0.079,19,58,0.9991,3.18,0.56,10.1,"red","California",6
"195",5658,6.2,0.24,0.22,7.9,0.053,45,149,0.99545,3.23,0.52,9.3,"white","California",6
"196",5659,6.2,0.22,0.3,12.4,0.054,108,152,0.99728,3.1,0.47,9.5,"white","California",6
"197",5660,6.5,0.25,0.32,9.9,0.045,41,128,0.99636,3.18,0.52,9.6,"white","California",6
"198",5661,7.5,0.31,0.41,2.4,0.065,34,60,0.99492,3.34,0.85,11.4,"red","Texas",6
"199",5662,7.3,0.34,0.39,5.2,0.04,45,163,0.9925,3.3,0.47,12.4,"white","California",6
"200",5663,7.2,0.23,0.33,12.7,0.049,50,183,0.9987,3.41,0.4,9.8,"white","Texas",5
"201",5664,6.4,0.39,0.21,1.2,0.041,35,136,0.99225,3.15,0.46,10.2,"white","Texas",5
"202",5665,8,0.55,0.17,8.2,0.04,13,60,0.9956,3.09,0.3,9.5,"white","Texas",5
"203",5666,6,0.5,0.04,2.2,0.092,13,26,0.99647,3.46,0.47,10,"red","Texas",5
"204",5667,9.3,0.775,0.27,2.8,0.078,24,56,0.9984,3.31,0.67,10.6,"red","California",6
"205",5668,7.2,0.695,0.13,2,0.076,12,20,0.99546,3.29,0.54,10.1,"red","Texas",5
"206",5669,6.6,0.39,0.28,9.2,0.036,10,92,0.99206,3.07,0.35,12.1,"white","California",6
"207",5670,6.8,0.32,0.34,6,0.05,5,129,0.9953,3.19,0.4,9.1,"white","Texas",5
"208",5671,9.3,0.41,0.39,2.2,0.064,12,31,0.9984,3.26,0.65,10.2,"red","Texas",5
"209",5672,7.2,0.19,0.31,6.3,0.034,17,103,0.99305,3.15,0.52,11.4,"white","California",6
"210",5673,5.8,0.31,0.32,4.5,0.024,28,94,0.98906,3.25,0.52,13.7,"white","California",7
"211",5674,7.9,0.25,0.29,5.3,0.031,33,117,0.9918,3.06,0.32,11.8,"white","California",6
"212",5675,6.6,0.28,0.36,1.7,0.038,22,101,0.9912,3.29,0.57,11.6,"white","California",6
"213",5676,11.5,0.18,0.51,4,0.104,4,23,0.9996,3.28,0.97,10.1,"red","Texas",6
"214",5677,7,0.22,0.26,9.2,0.027,37,122,0.99228,3.06,0.34,12.5,"white","California",7
"215",5678,6,0.28,0.27,15.5,0.036,31,134,0.99408,3.19,0.44,13,"white","California",7
"216",5679,6.8,0.65,0.02,2.1,0.078,8,15,0.99498,3.35,0.62,10.4,"red","California",6
"217",5680,7.3,0.2,0.44,1.4,0.045,21,98,0.9924,3.15,0.46,10,"white","California",6
"218",5681,6.8,0.64,0.03,2.3,0.075,14,31,0.99545,3.36,0.58,10.4,"red","California",6
"219",5682,6.6,0.26,0.27,1.5,0.04,19,114,0.99295,3.36,0.62,10.5,"white","California",6
"220",5683,8.7,0.69,0,3.2,0.084,13,33,0.9992,3.36,0.45,9.4,"red","Texas",5
"221",5684,6.2,0.36,0.45,10.4,0.06,22,184,0.99711,3.31,0.56,9.8,"white","California",6
"222",5685,6.5,0.29,0.53,1.7,0.04,41,192,0.9922,3.26,0.59,10.4,"white","California",6
"223",5686,6,0.26,0.18,7,0.055,50,194,0.99591,3.21,0.43,9,"white","Texas",5
"224",5687,7.1,0.48,0.28,2.8,0.068,6,16,0.99682,3.24,0.53,10.3,"red","Texas",5
"225",5688,5.6,0.35,0.37,1,0.038,6,72,0.9902,3.37,0.34,11.4,"white","Texas",6
"226",5689,7.8,0.52,0.25,1.9,0.081,14,38,0.9984,3.43,0.65,9,"red","California",6
"227",5690,6.9,0.31,0.32,1.6,0.036,34,114,0.99068,3.19,0.45,11.4,"white","California",6
"228",5691,5.2,0.16,0.34,0.8,0.029,26,77,0.99155,3.25,0.51,10.1,"white","California",6
"229",5692,5.7,0.25,0.27,11.5,0.04,24,120,0.99411,3.33,0.31,10.8,"white","California",6
"230",5693,6.8,0.68,0.09,3.9,0.068,15,29,0.99524,3.41,0.52,11.1,"red","Texas",5
"231",5694,6.8,0.27,0.35,7.8,0.048,76,197,0.9959,3.24,0.43,9.5,"white","California",6
"232",5695,7.4,0.16,0.3,13.7,0.056,33,168,0.99825,2.9,0.44,8.7,"white","California",6
"233",5696,6.6,0.58,0.02,2,0.062,37,53,0.99374,3.35,0.76,11.6,"red","California",6
"234",5697,9.4,0.41,0.48,4.6,0.072,10,20,0.9973,3.34,0.79,12.2,"red","California",7
"235",5698,6.9,0.39,0.22,4.3,0.03,10,102,0.993,3,0.87,11.6,"white","Texas",6
"236",5699,6.2,0.21,0.34,6.6,0.03,36,91,0.9914,3.32,0.45,12.5,"white","California",7
"237",5700,6.7,0.2,0.3,1.4,0.025,17,76,0.99104,3.11,0.44,11,"white","California",6
"238",5701,6.4,0.22,0.49,7.5,0.054,42,151,0.9948,3.27,0.52,10.1,"white","California",6
"239",5702,7,0.31,0.52,1.7,0.029,5,61,0.9918,3.07,0.43,10.4,"white","Texas",5
"240",5703,6.8,0.32,0.3,1,0.049,22,113,0.99289,3.24,0.61,10.2,"white","Texas",5
"241",5704,7.1,0.34,0.86,1.4,0.174,36,99,0.99288,2.92,0.5,9.3,"white","California",6
"242",5705,5.8,0.19,0.25,10.8,0.042,33,124,0.99646,3.22,0.41,9.2,"white","California",6
"243",5706,6.1,0.41,0.2,12.6,0.032,54,136,0.99516,2.91,0.43,10.6,"white","California",6
"244",5707,7.2,0.13,0.46,1.3,0.044,48,111,0.99127,2.97,0.45,11.1,"white","California",6
"245",5708,6.1,0.34,0.21,5,0.042,17,133,0.99373,3.02,0.53,9.4,"white","Texas",5
"246",5709,8.6,0.53,0.22,2,0.1,7,27,0.9967,3.2,0.56,10.2,"red","California",6
"247",5710,7.1,0.22,0.74,2.7,0.044,42,144,0.991,3.31,0.41,12.2,"white","California",7
"248",5711,8.3,0.42,0.62,19.25,0.04,41,172,1.0002,2.98,0.67,9.7,"white","Texas",5
"249",5712,6,0.16,0.36,1.6,0.042,13,61,0.99143,3.22,0.54,10.8,"white","California",6
"250",5713,6.2,0.22,0.28,2.2,0.04,24,125,0.9917,3.19,0.48,10.5,"white","Texas",5
"251",5714,6.9,0.33,0.28,1.3,0.051,37,187,0.9927,3.27,0.6,10.3,"white","Texas",5
"252",5715,7.1,0.69,0.04,2.1,0.068,19,27,0.99712,3.44,0.67,9.8,"red","Texas",5
"253",5716,6.9,0.33,0.62,7.5,0.038,46,132,0.99143,3.23,0.43,13.4,"white","California",7
"254",5717,6.9,0.58,0.58,8.2,0.032,29,169,0.99275,3.28,0.44,12.2,"white","California",6
"255",5718,6.8,0.34,0.44,6.6,0.052,28,156,0.9955,3.14,0.41,9.6,"white","Texas",5
"256",5719,7.6,0.28,0.17,1.6,0.046,28,117,0.99288,3.08,0.43,10,"white","California",6
"257",5720,9.1,0.22,0.24,2.1,0.078,1,28,0.999,3.41,0.87,10.3,"red","California",6
"258",5721,7.5,0.51,0.02,1.7,0.084,13,31,0.99538,3.36,0.54,10.5,"red","California",6
"259",5722,7.9,0.34,0.44,6.5,0.027,47,126,0.99124,2.96,0.37,12.5,"white","California",7
"260",5723,7.4,0.16,0.49,1.2,0.055,18,150,0.9917,3.23,0.47,11.2,"white","California",6
"261",5724,7.1,0.33,0.64,13.2,0.056,12,105,0.9972,3.05,0.39,9.2,"white","Texas",5
"262",5725,6.6,0.17,0.36,1.9,0.036,38,110,0.99056,3.05,0.54,11.4,"white","California",6
"263",5726,7.5,0.14,0.34,1.3,0.055,50,153,0.9945,3.29,0.8,9.6,"white","Texas",5
"264",5727,6.4,0.24,0.49,5.8,0.053,25,120,0.9942,3.01,0.98,10.5,"white","California",6
"265",5728,6.8,0.52,0.32,13.2,0.044,54,221,0.9972,3.27,0.5,9.6,"white","California",6
"266",5729,5.8,0.28,0.3,3.9,0.026,36,105,0.98963,3.26,0.58,12.75,"white","Texas",6
"267",5730,7.3,0.3,0.34,2.7,0.044,34,108,0.99105,3.36,0.53,12.8,"white","California",7
"268",5731,7.2,0.37,0.15,2,0.029,27,87,0.9903,3.3,0.59,12.6,"white","California",7
"269",5732,7.1,0.18,0.74,15.6,0.044,44,176,0.9996,3.38,0.67,9,"white","California",6
"270",5733,7.5,0.58,0.03,4.1,0.08,27,46,0.99592,3.02,0.47,9.2,"red","Texas",5
"271",5734,7.6,0.3,0.22,10.2,0.049,57,191,0.9966,3.08,0.4,9.3,"white","California",6
"272",5735,7,0.22,0.29,8.9,0.05,24,90,0.99556,3.29,0.46,9.8,"white","California",6
"273",5736,9.7,0.14,0.59,1.5,0.049,23,142,0.9958,2.98,0.62,9.5,"white","Texas",5
"274",5737,7.4,0.32,0.22,1.7,0.051,50,179,0.9955,3.28,0.69,8.9,"white","Texas",5
"275",5738,7.7,0.96,0.2,2,0.047,15,60,0.9955,3.36,0.44,10.9,"red","Texas",5
"276",5739,6.8,0.59,0.1,1.7,0.063,34,53,0.9958,3.41,0.67,9.7,"red","California",6
"277",5740,6.8,0.26,0.4,7.5,0.046,45,179,0.99583,3.2,0.49,9.3,"white","California",6
"278",5741,6.7,0.21,0.34,1.4,0.049,36,112,0.99091,3.02,0.5,11,"white","California",6
"279",5742,6.4,0.795,0,2.2,0.065,28,52,0.99378,3.49,0.52,11.6,"red","Texas",5
"280",5743,6.7,0.46,0.24,1.7,0.077,18,34,0.9948,3.39,0.6,10.6,"red","California",6
"281",5744,8.1,0.67,0.55,1.8,0.117,32,141,0.9968,3.17,0.62,9.4,"red","Texas",5
"282",5745,6.8,0.59,0.1,1.7,0.063,34,53,0.9958,3.41,0.67,9.7,"red","California",6
"283",5746,7.1,0.21,0.31,3.8,0.021,40,142,0.99215,3.17,0.39,10.8,"white","California",6
"284",5747,7,0.16,0.25,14.3,0.044,27,149,0.998,2.91,0.46,9.2,"white","California",6
"285",5748,6.7,0.14,0.51,4.3,0.028,57,124,0.99176,2.91,0.54,10.7,"white","California",6
"286",5749,6.3,0.6,0.1,1.6,0.048,12,26,0.99306,3.55,0.51,12.1,"red","Texas",6
"287",5750,6.7,0.14,0.46,1.6,0.036,15,92,0.99264,3.37,0.49,10.9,"white","California",6
"288",5751,7,0.21,0.34,8.5,0.033,31,253,0.9953,3.22,0.56,10.5,"white","California",6
"289",5752,8.5,0.44,0.5,1.9,0.369,15,38,0.99634,3.01,1.1,9.4,"red","Texas",5
"290",5753,6.4,0.32,0.26,7.9,0.05,53,180,0.99514,3.14,0.5,9.6,"white","Texas",5
"291",5754,7,0.3,0.28,2.2,0.042,21,177,0.99166,3.2,0.57,11.4,"white","California",6
"292",5755,7.2,0.39,0.62,11,0.047,66,178,0.9976,3.16,0.5,8.7,"white","Texas",5
"293",5756,7.3,0.19,0.24,6.3,0.054,34,231,0.9964,3.36,0.54,10,"white","California",6
"294",5757,6.8,0.24,0.49,19.3,0.057,55,247,1.00055,3,0.56,8.7,"white","Texas",5
"295",5758,6.7,0.24,0.41,8.7,0.036,29,148,0.9952,3.22,0.62,9.9,"white","Texas",6
"296",5759,6.6,0.25,0.32,5.6,0.039,15,68,0.99163,2.96,0.52,11.1,"white","California",6
"297",5760,7.5,0.17,0.32,1.7,0.04,51,148,0.9916,3.21,0.44,11.5,"white","California",6
"298",5761,7.8,0.29,0.36,7,0.042,38,161,0.9941,3.26,0.37,11.2,"white","Texas",6
"299",5762,6.7,0.31,0.3,2.4,0.038,30,83,0.98867,3.09,0.36,12.8,"white","California",7
"300",5763,8.8,0.31,0.4,2.8,0.109,7,16,0.99614,3.31,0.79,11.8,"red","California",7
"301",5764,5.7,0.26,0.25,10.4,0.02,7,57,0.994,3.39,0.37,10.6,"white","Texas",6
"302",5765,6.4,0.3,0.3,2.25,0.038,8,210,0.9937,3.2,0.62,9.9,"white","Texas",5
"303",5766,6.3,0.25,0.22,3.3,0.048,41,161,0.99256,3.16,0.5,10.5,"white","California",6
"304",5767,7.4,0.37,0.43,2.6,0.082,18,82,0.99708,3.33,0.68,9.7,"red","California",6
"305",5768,5.3,0.76,0.03,2.7,0.043,27,93,0.9932,3.34,0.38,9.2,"white","Texas",5
"306",5769,8,0.22,0.42,14.6,0.044,45,163,1.0003,3.21,0.69,8.6,"white","California",6
"307",5770,7.4,0.67,0.12,1.6,0.186,5,21,0.996,3.39,0.54,9.5,"red","Texas",5
"308",5771,6.4,0.23,0.35,4.6,0.039,43,147,0.99216,3.18,0.4,11,"white","California",6
"309",5772,7.9,0.35,0.28,12.9,0.032,13,63,0.9932,2.99,0.43,13,"white","California",7
"310",5773,7,0.36,0.21,2.4,0.086,24,69,0.99556,3.4,0.53,10.1,"red","California",6
"311",5774,8.1,0.24,0.33,10.2,0.048,46,141,0.9972,3.16,0.48,10.3,"white","California",6
"312",5775,7.2,0.22,0.35,5.5,0.054,37,183,0.99474,3.08,0.5,10.3,"white","California",6
"313",5776,6.6,0.2,0.27,10.9,0.038,29,130,0.99496,3.11,0.44,10.5,"white","California",6
"314",5777,6.7,0.42,0.46,9.7,0.054,67,234,0.99848,3.23,0.5,9,"white","California",5
"315",5778,6.7,0.3,0.5,12.1,0.045,38,127,0.9974,3.04,0.53,8.9,"white","California",6
"316",5779,6.9,0.24,0.34,4.7,0.04,43,161,0.9935,3.2,0.59,10.6,"white","Texas",6
"317",5780,7.6,0.27,0.3,9.2,0.018,23,96,0.9938,3.08,0.29,11,"white","California",6
"318",5781,8.4,0.58,0.27,12.15,0.033,37,116,0.9959,2.99,0.39,10.8,"white","California",6
"319",5782,5.2,0.3,0.34,1.5,0.038,18,96,0.98942,3.56,0.48,13,"white","California",7
"320",5783,8.7,0.31,0.46,1.4,0.059,11,25,0.9966,3.36,0.76,10.1,"red","California",6
"321",5784,6.8,0.15,0.41,12.9,0.044,79.5,183,0.99742,3.24,0.78,10.2,"white","California",6
"322",5785,6.2,0.19,0.29,4.3,0.045,33,126,0.99658,3.18,0.42,9.3,"white","California",5
"323",5786,5.9,0.32,0.33,2.1,0.027,35,138,0.98945,3.37,0.42,12.7,"white","California",7
"324",5787,6.6,0.25,0.42,11.3,0.049,77,231,0.9966,3.24,0.52,9.5,"white","California",6
"325",5788,5.8,0.23,0.27,1.8,0.043,24,69,0.9933,3.38,0.31,9.4,"white","California",6
"326",5789,6.2,0.32,0.5,6.5,0.048,61,186,0.9948,3.19,0.45,9.6,"white","California",6
"327",5790,7,0.21,0.28,8.6,0.045,37,221,0.9954,3.25,0.54,10.4,"white","Texas",6
"328",5791,8,0.58,0.28,3.2,0.066,21,114,0.9973,3.22,0.54,9.4,"red","California",6
"329",5792,9.2,0.755,0.18,2.2,0.148,10,103,0.9969,2.87,1.36,10.2,"red","California",6
"330",5793,6.3,0.3,0.91,8.2,0.034,50,199,0.99394,3.39,0.49,11.7,"white","Texas",6
"331",5794,7.8,0.26,0.49,3.2,0.027,28,87,0.9919,3.03,0.32,11.3,"white","California",6
"332",5795,7,0.69,0.08,1.8,0.097,22,89,0.9959,3.34,0.54,9.2,"red","Texas",5
"333",5796,6.4,0.64,0.21,1.8,0.081,14,31,0.99689,3.59,0.66,9.8,"red","Texas",5
"334",5797,6.7,0.17,0.5,2.1,0.043,27,122,0.9923,3.15,0.45,10.3,"white","California",6
"335",5798,6.8,0.64,0,2.7,0.123,15,33,0.99538,3.44,0.63,11.3,"red","California",6
"336",5799,7.9,0.28,0.32,3.6,0.038,9,76,0.992,3.05,0.31,11.7,"white","Texas",6
"337",5800,7,0.23,0.28,2.7,0.053,16,92,0.99372,3.18,0.56,9.3,"white","Texas",5
"338",5801,7.3,0.21,0.49,1.8,0.038,44,152,0.9912,3.32,0.44,12.6,"white","California",7
"339",5802,6.2,0.28,0.51,7.9,0.056,49,206,0.9956,3.18,0.52,9.4,"white","California",6
"340",5803,5.9,0.21,0.31,1.8,0.033,45,142,0.98984,3.35,0.5,12.7,"white","California",7
"341",5804,7.4,0.2,0.37,16.95,0.048,43,190,0.9995,3.03,0.42,9.2,"white","Texas",5
"342",5805,7,0.32,0.35,1.5,0.039,24,125,0.9918,3.17,0.64,12.2,"white","California",6
"343",5806,7.3,0.36,0.62,7.1,0.033,48,185,0.99472,3.14,0.62,10.6,"white","California",6
"344",5807,6.5,0.34,0.36,11,0.052,53,247,0.9984,3.44,0.55,9.3,"white","California",6
"345",5808,8.2,0.3,0.44,12.4,0.043,52,154,0.99452,3.04,0.33,12,"white","California",7
"346",5809,6.8,0.28,0.17,13.9,0.047,49,162,0.9983,3.21,0.51,9,"white","Texas",5
"347",5810,5.7,0.2,0.3,2.5,0.046,38,125,0.99276,3.34,0.5,9.9,"white","California",6
"348",5811,6.6,0.17,0.28,1.8,0.042,62,178,0.99204,3.15,0.42,10.2,"white","California",6
"349",5812,8.1,0.2,0.49,11.8,0.048,46,212,0.9968,3.09,0.46,10,"white","California",6
"350",5813,6.4,0.28,0.23,6,0.051,50,162,0.994,3.15,0.52,10.2,"white","Texas",5
"351",5814,6.2,0.34,0.3,11.1,0.047,28,237,0.9981,3.18,0.49,8.7,"white","Texas",5
"352",5815,7.2,0.26,0.3,2.1,0.033,50,158,0.9909,3.33,0.43,12.1,"white","California",7
"353",5816,9.8,0.36,0.45,1.6,0.042,11,124,0.9944,2.93,0.46,10.8,"white","Texas",5
"354",5817,7.2,0.2,0.28,1.6,0.028,13,168,0.99203,3.17,1.06,11.5,"white","California",7
"355",5818,5.9,0.37,0.3,1.5,0.033,35,95,0.98986,3.36,0.56,12,"white","California",6
"356",5819,6.7,0.19,0.36,1.1,0.026,63,143,0.9912,3.27,0.48,11,"white","Texas",6
"357",5820,6.8,0.39,0.34,7.4,0.02,38,133,0.99212,3.18,0.44,12,"white","California",6
"358",5821,6.5,0.51,0.15,3,0.064,12,27,0.9929,3.33,0.59,12.8,"red","California",7
"359",5822,11.6,0.58,0.66,2.2,0.074,10,47,1.0008,3.25,0.57,9,"red","Texas",5
"360",5823,8.7,0.31,0.73,14.35,0.044,27,191,1.00013,2.96,0.88,8.7,"white","California",6
"361",5824,7,0.28,0.26,1.7,0.042,34,130,0.9925,3.43,0.5,10.7,"white","Texas",6
"362",5825,6.1,0.16,0.27,12.6,0.064,63,162,0.9994,3.66,0.43,8.9,"white","Texas",5
"363",5826,6.4,0.17,0.32,2.4,0.048,41,200,0.9938,3.5,0.5,9.7,"white","California",6
"364",5827,6.9,0.36,0.34,4.2,0.018,57,119,0.9898,3.28,0.36,12.7,"white","California",7
"365",5828,6.5,0.885,0,2.3,0.166,6,12,0.99551,3.56,0.51,10.8,"red","Texas",5
"366",5829,7.6,0.39,0.32,3.6,0.035,22,93,0.99144,3.08,0.6,12.5,"white","California",6
"367",5830,7.2,0.25,0.32,1.5,0.047,27,132,0.9933,3.26,0.44,10.5,"white","Texas",5
"368",5831,8.6,0.33,0.4,2.6,0.083,16,68,0.99782,3.3,0.48,9.4,"red","Texas",5
"369",5832,5.3,0.3,0.16,4.2,0.029,37,100,0.9905,3.3,0.36,11.8,"white","California",6
"370",5833,6.3,0.2,0.18,10.6,0.045,57,159,0.99666,3.09,0.54,9.2,"white","California",6
"371",5834,9.6,0.42,0.35,2.1,0.083,17,38,0.99622,3.23,0.66,11.1,"red","California",6
"372",5835,7.3,0.51,0.18,2.1,0.07,12,28,0.99768,3.52,0.73,9.5,"red","California",6
"373",5836,6.3,0.22,0.28,2.4,0.042,38,102,0.98998,3.14,0.37,11.6,"white","California",6
"374",5837,5.3,0.36,0.27,6.3,0.028,40,132,0.99186,3.37,0.4,11.6,"white","California",6
"375",5838,7.3,0.19,0.49,15.55,0.058,50,134,0.9998,3.42,0.36,9.1,"white","California",6
"376",5839,6.7,0.21,0.49,1.4,0.047,30,114,0.9914,2.92,0.42,10.8,"white","California",6
"377",5840,6.6,0.16,0.57,1.1,0.13,58,140,0.9927,3.12,0.39,9.3,"white","California",6
"378",5841,8.1,0.34,0.28,7.5,0.04,70,230,0.99558,3.14,0.55,9.8,"white","California",6
"379",5842,5.5,0.19,0.27,0.9,0.04,52,103,0.99026,3.5,0.39,11.2,"white","California",6
"380",5843,7.2,0.22,0.49,1,0.045,34,140,0.99,3.05,0.34,12.7,"white","California",6
"381",5844,6,0.31,0.38,4.8,0.04,41,101,0.98968,3.24,0.56,13.1,"white","California",7
"382",5845,7.3,0.41,0.29,1.8,0.032,26,74,0.98889,2.96,0.35,13,"white","California",6
"383",5846,7.6,0.33,0.41,13.7,0.045,44,197,0.9989,3.18,0.64,9.1,"white","Texas",5
"384",5847,5.9,0.48,0.3,1.5,0.037,19,78,0.99057,3.47,0.42,11.9,"white","California",6
"385",5848,5.5,0.24,0.32,8.7,0.06,19,102,0.994,3.27,0.31,10.4,"white","Texas",5
"386",5849,6.8,0.14,0.35,1.5,0.047,40,117,0.99111,3.07,0.72,11.1,"white","California",6
"387",5850,8.9,0.875,0.13,3.45,0.088,4,14,0.9994,3.44,0.52,11.5,"red","Texas",5
"388",5851,9.6,0.41,0.37,2.3,0.091,10,23,0.99786,3.24,0.56,10.5,"red","Texas",5
"389",5852,6.9,0.32,0.26,8.3,0.053,32,180,0.9965,3.25,0.51,9.2,"white","California",6
"390",5853,7.4,0.44,0.2,11.5,0.049,44,157,0.998,3.27,0.44,9,"white","Texas",5
"391",5854,7.8,0.25,0.41,3.7,0.042,37,149,0.9954,3.36,0.45,10,"white","California",6
"392",5855,7.3,0.67,0.02,2.2,0.072,31,92,0.99566,3.32,0.68,11.1,"red","California",6
"393",5856,7.8,0.3,0.4,1.8,0.028,23,122,0.9914,3.14,0.39,10.9,"white","California",6
"394",5857,7.8,0.965,0.6,65.8,0.074,8,160,1.03898,3.39,0.69,11.7,"white","California",4
"395",5858,7,0.36,0.32,10.05,0.045,37,131,0.99352,3.09,0.33,11.7,"white","Texas",6
"396",5859,5.8,0.28,0.66,9.1,0.039,26,159,0.9965,3.66,0.55,10.8,"white","Texas",6
"397",5860,7.8,0.19,0.26,8.9,0.039,42,182,0.996,3.18,0.46,9.9,"white","Texas",5
"398",5861,7.4,0.24,0.29,10.1,0.05,21,105,0.9962,3.13,0.35,9.5,"white","Texas",5
"399",5862,7.1,0.46,0.2,1.9,0.077,28,54,0.9956,3.37,0.64,10.4,"red","California",6
"400",5863,6.6,0.32,0.47,15.6,0.063,27,173,0.99872,3.18,0.56,9,"white","California",6
"401",5864,7.2,0.15,0.39,1.8,0.043,21,159,0.9948,3.52,0.47,10,"white","Texas",5
"402",5865,7.6,0.4,0.27,5.2,0.03,32,101,0.99172,3.22,0.62,12.3,"white","California",7
"403",5866,8.5,0.23,0.4,9.9,0.036,24,88,0.9951,3.02,0.42,10.5,"white","California",6
"404",5867,6.4,0.17,0.27,9.9,0.047,26,101,0.99596,3.34,0.5,9.9,"white","California",6
"405",5868,7.2,0.17,0.28,17.55,0.05,33,154,0.99971,2.94,0.43,9,"white","California",6
"406",5869,9.4,0.59,0.14,2,0.084,25,48,0.9981,3.14,0.56,9.7,"red","Texas",5
"407",5870,7.4,0.29,0.5,1.8,0.042,35,127,0.9937,3.45,0.5,10.2,"white","California",6
"408",5871,11.9,0.58,0.58,1.9,0.071,5,18,0.998,3.09,0.63,10,"red","California",6
"409",5872,8.3,0.49,0.36,1.8,0.222,6,16,0.998,3.18,0.6,9.5,"red","Texas",5
"410",5873,6.9,0.22,0.31,6.3,0.029,41,131,0.99326,3.08,0.49,10.8,"white","California",6
"411",5874,8.8,0.61,0.19,4,0.094,30,69,0.99787,3.22,0.5,10,"red","California",6
"412",5875,6.4,0.125,0.36,1.4,0.044,22,68,0.99014,3.15,0.5,11.7,"white","California",7
"413",5876,7.4,0.15,0.42,1.7,0.045,49,154,0.992,3,0.6,10.4,"white","Texas",6
"414",5877,6.8,0.26,0.42,1.7,0.049,41,122,0.993,3.47,0.48,10.5,"white","California",6
"415",5878,8.4,0.25,0.39,2,0.041,4,10,0.99386,3.27,0.71,12.5,"red","California",7
"416",5879,7.6,0.3,0.4,2.2,0.054,29,175,0.99445,3.19,0.53,9.8,"white","Texas",5
"417",5880,9.6,0.6,0.5,2.3,0.079,28,71,0.9997,3.5,0.57,9.7,"red","Texas",5
"418",5881,7.1,0.59,0.01,2.3,0.08,27,43,0.9955,3.42,0.58,10.7,"red","California",6
"419",5882,6.3,0.33,0.2,17.9,0.066,36,161,0.9991,3.14,0.51,8.8,"white","California",6
"420",5883,7.3,0.17,0.24,8.1,0.121,32,162,0.99508,3.17,0.38,10.4,"white","Texas",5
"421",5884,7.2,0.26,0.44,7.1,0.027,25,126,0.993,3.02,0.34,11.1,"white","Texas",6
"422",5885,7,0.3,0.32,6.4,0.034,28,97,0.9924,3.23,0.44,11.8,"white","California",6
"423",5886,6.5,0.23,0.39,1.9,0.036,41,98,0.99,3.19,0.43,11.9,"white","California",7
"424",5887,6,0.39,0.26,2.7,0.038,39,187,0.99325,3.41,0.5,10.8,"white","California",6
"425",5888,7,0.31,0.29,1.4,0.037,33,128,0.9896,3.12,0.36,12.2,"white","California",6
"426",5889,6.8,0.24,0.35,6.4,0.048,44,172,0.9944,3.29,0.55,10.5,"white","California",6
"427",5890,5.5,0.28,0.21,1.6,0.032,23,85,0.99027,3.42,0.42,12.5,"white","California",6
"428",5891,6.3,0.23,0.33,6.9,0.052,23,118,0.9938,3.23,0.46,10.4,"white","California",6
"429",5892,9.2,0.25,0.34,1.2,0.026,31,93,0.9916,2.93,0.37,11.3,"white","California",6
"430",5893,6.4,0.27,0.29,10.8,0.028,17,118,0.99356,3.18,0.37,11.2,"white","California",6
"431",5894,7.4,0.33,0.26,2.6,0.04,29,115,0.9913,3.07,0.52,11.8,"white","California",6
"432",5895,6.7,0.28,0.28,4.5,0.051,14,92,0.99224,3.36,0.58,11.9,"white","Texas",6
"433",5896,6.3,0.34,0.36,4.9,0.035,31,185,0.9946,3.15,0.49,9.7,"white","Texas",5
"434",5897,8.4,0.37,0.53,1.8,0.413,9,26,0.9979,3.06,1.06,9.1,"red","California",6
"435",5898,6.6,0.26,0.21,2.9,0.026,48,126,0.99089,3.22,0.38,11.3,"white","California",6
"436",5899,7.4,0.41,0.24,1.8,0.066,18,47,0.9956,3.37,0.62,10.4,"red","California",6
"437",5900,6.3,0.19,0.28,1.8,0.022,28,158,0.9907,3.2,0.64,11.4,"white","Texas",6
"438",5901,7.4,0.36,0.33,1.4,0.025,27,55,0.9915,3.21,0.33,11.2,"white","Texas",6
"439",5902,6.8,0.21,0.27,18.15,0.042,41,146,1.0001,3.3,0.36,8.7,"white","Texas",5
"440",5903,7.3,0.33,0.22,1.4,0.041,40,177,0.99287,3.14,0.48,9.9,"white","California",6
"441",5904,6.7,0.3,0.49,4.8,0.034,36,158,0.9945,3.12,0.45,9.9,"white","California",6
"442",5905,6.1,0.36,0.58,15,0.044,42,115,0.9978,3.15,0.51,9,"white","Texas",5
"443",5906,7.1,0.17,0.4,14.55,0.047,47,156,0.99945,3.34,0.78,9.1,"white","California",6
"444",5907,6.2,0.32,0.12,4.8,0.054,6,97,0.99424,3.16,0.5,9.3,"white","California",6
"445",5908,7.1,0.36,0.28,2.4,0.036,35,115,0.98936,3.19,0.44,13.5,"white","California",7
"446",5909,6,0.24,0.27,1.9,0.048,40,170,0.9938,3.64,0.54,10,"white","California",6
"447",5910,6,0.13,0.28,5.7,0.038,56,189.5,0.9948,3.59,0.43,10.6,"white","California",6
"448",5911,7.8,0.545,0.12,2.5,0.068,11,35,0.996,3.34,0.61,11.6,"red","California",6
"449",5912,11.9,0.37,0.69,2.3,0.078,12,24,0.9958,3,0.65,12.8,"red","California",7
"450",5913,6.4,0.42,0.74,12.8,0.076,48,209,0.9978,3.12,0.58,9,"white","California",6
"451",5914,6.5,0.38,0.34,3.4,0.036,34,200,0.9937,3.14,0.76,10,"white","Texas",5
"452",5915,5.6,0.26,0.5,11.4,0.029,25,93,0.99428,3.23,0.49,10.5,"white","California",6
"453",5916,6.9,0.16,0.3,9.6,0.057,50,185,0.9978,3.39,0.38,9.6,"white","California",6
"454",5917,5.9,0.44,0.36,2.5,0.03,12,73,0.99201,3.22,0.48,10.8,"white","Texas",5
"455",5918,8.9,0.24,0.33,15.75,0.035,16,132,0.996,3,0.37,12.1,"white","California",7
"456",5919,5.9,0.37,0.1,1.6,0.057,39,128,0.9924,3.24,0.48,10.1,"white","Texas",5
"457",5920,6,0.28,0.22,12.15,0.048,42,163,0.9957,3.2,0.46,10.1,"white","Texas",5
"458",5921,6.6,0.735,0.02,7.9,0.122,68,124,0.9994,3.47,0.53,9.9,"red","Texas",5
"459",5922,7.4,0.39,0.48,2,0.082,14,67,0.9972,3.34,0.55,9.2,"red","Texas",5
"460",5923,7.3,0.4,0.26,5.45,0.016,26,90,0.98951,2.84,0.54,13.2,"white","California",7
"461",5924,5.8,0.29,0.21,2.6,0.025,12,120,0.9894,3.39,0.79,14,"white","California",7
"462",5925,6.9,0.25,0.34,1.3,0.035,27,82,0.99045,3.18,0.44,12.2,"white","California",6
"463",5926,6.5,0.24,0.28,1.1,0.034,26,83,0.98928,3.25,0.33,12.3,"white","California",7
"464",5927,6.2,0.16,0.32,1.1,0.036,74,184,0.99096,3.22,0.41,11,"white","California",6
"465",5928,6,0.17,0.3,7.3,0.039,39,104,0.99252,2.91,0.57,11,"white","California",6
"466",5929,6.9,0.29,0.23,8.6,0.056,56,215,0.9967,3.17,0.44,8.8,"white","Texas",5
"467",5930,8,0.13,0.25,1.1,0.033,15,86,0.99044,2.98,0.39,11.2,"white","Texas",6
"468",5931,6.5,0.52,0.17,1.4,0.047,5,26,0.9932,3.26,0.32,10,"white","Texas",5
"469",5932,8.3,0.65,0.1,2.9,0.089,17,40,0.99803,3.29,0.55,9.5,"red","Texas",5
"470",5933,7.2,0.29,0.4,7.6,0.024,56,177,0.9928,3.04,0.32,11.5,"white","California",6
"471",5934,6.3,0.15,0.34,11.4,0.05,25,96,0.99754,3.21,0.49,10,"white","Texas",5
"472",5935,7.9,0.43,0.21,1.6,0.106,10,37,0.9966,3.17,0.91,9.5,"red","Texas",5
"473",5936,7.9,0.545,0.06,4,0.087,27,61,0.9965,3.36,0.67,10.7,"red","Texas",6
"474",5937,7.1,0.53,0.07,1.7,0.071,15,24,0.9951,3.29,0.66,10.8,"red","California",6
"475",5938,6.7,0.3,0.5,12.1,0.045,38,127,0.9974,3.04,0.53,8.9,"white","California",6
"476",5939,6.9,0.56,0.03,1.5,0.086,36,46,0.99522,3.53,0.57,10.6,"red","Texas",5
"477",5940,7,0.47,0.07,1.1,0.035,17,151,0.991,3.02,0.34,10.5,"white","Texas",5
"478",5941,6.2,0.21,0.29,1.6,0.039,24,92,0.99114,3.27,0.5,11.2,"white","California",6
"479",5942,7.9,0.11,0.49,4.5,0.048,27,133,0.9946,3.24,0.42,10.6,"white","California",6
"480",5943,6.7,0.48,0.49,2.9,0.03,28,122,0.98926,3.13,0.4,13,"white","Texas",6
"481",5944,8.3,0.705,0.12,2.6,0.092,12,28,0.9994,3.51,0.72,10,"red","Texas",5
"482",5945,9.4,0.16,0.3,1.4,0.042,26,176,0.9954,3.15,0.46,9.1,"white","Texas",5
"483",5946,6.7,0.42,0.39,12.1,0.04,61,248,0.99794,3.31,0.58,9.7,"white","California",6
"484",5947,6,0.33,0.18,3,0.036,5,85,0.99125,3.28,0.4,11.5,"white","California",6
"485",5948,12.5,0.46,0.63,2,0.071,6,15,0.9988,2.99,0.87,10.2,"red","Texas",5
"486",5949,6.7,0.18,0.37,1.3,0.027,42,125,0.98939,3.24,0.37,12.8,"white","California",7
"487",5950,5,0.255,0.22,2.7,0.043,46,153,0.99238,3.75,0.76,11.3,"white","California",6
"488",5951,7.4,0.155,0.34,2.3,0.045,73.5,214,0.9934,3.18,0.61,9.9,"white","California",6
"489",5952,10.3,0.27,0.56,1.4,0.047,3,8,0.99471,3.16,0.51,11.8,"red","California",7
"490",5953,7.2,0.73,0.02,2.5,0.076,16,42,0.9972,3.44,0.52,9.3,"red","Texas",5
"491",5954,5.7,0.45,0.42,1.1,0.051,61,197,0.9932,3.02,0.4,9,"white","Texas",5
"492",5955,7.7,0.28,0.58,12.1,0.046,60,177,0.9983,3.08,0.46,8.9,"white","Texas",5
"493",5956,8.7,0.69,0.31,3,0.086,23,81,1.0002,3.48,0.74,11.6,"red","California",6
"494",5957,7.4,0.18,0.42,2.1,0.036,33,187,0.9938,3.4,0.41,10.6,"white","California",6
"495",5958,6.9,0.43,0.28,9.4,0.056,29,183,0.99594,3.17,0.43,9.4,"white","Texas",5
"496",5959,5.8,0.13,0.22,12.7,0.058,24,183,0.9956,3.32,0.42,11.7,"white","Texas",6
"497",5960,7.5,0.22,0.33,6.7,0.036,45,138,0.9939,3.2,0.68,11.4,"white","California",7
"498",5961,13,0.47,0.49,4.3,0.085,6,47,1.0021,3.3,0.68,12.7,"red","California",6
"499",5962,7.1,0.72,0,1.8,0.123,6,14,0.99627,3.45,0.58,9.8,"red","Texas",5
"500",5963,7,0.54,0.09,2,0.081,10,16,0.99479,3.43,0.59,11.5,"red","California",6
"501",5964,7.2,0.28,0.3,10.7,0.044,61,222,0.9972,3.14,0.5,9.1,"white","California",6
"502",5965,6.6,0.39,0.38,9.7,0.053,49,226,0.99787,3.3,0.57,9.4,"white","California",6
"503",5966,8.3,0.15,0.39,1.3,0.055,32,146,0.993,3.08,0.39,10.5,"white","California",6
"504",5967,9.2,0.43,0.49,2.4,0.086,23,116,0.9976,3.23,0.64,9.5,"red","Texas",5
"505",5968,6,0.59,0,0.8,0.037,30,95,0.99032,3.1,0.4,10.9,"white","Texas",5
"506",5969,6,0.21,0.24,12.1,0.05,55,164,0.997,3.34,0.39,9.4,"white","Texas",5
"507",5970,4.7,0.455,0.18,1.9,0.036,33,106,0.98746,3.21,0.83,14,"white","California",7
"508",5971,6.2,0.21,0.27,1.7,0.038,41,150,0.9933,3.49,0.71,10.5,"white","California",6
"509",5972,5.8,0.42,0.3,2.2,0.035,26,129,0.989,3.32,0.47,12.9,"white","Texas",6
"510",5973,11.3,0.37,0.5,1.8,0.09,20,47,0.99734,3.15,0.57,10.5,"red","Texas",6
"511",5974,8,0.17,0.29,2.4,0.029,52,119,0.98944,3.03,0.33,12.9,"white","California",7
"512",5975,6.1,0.21,0.3,6.3,0.039,47,136,0.99068,3.27,0.31,12.7,"white","California",7
"513",5976,8.6,0.16,0.38,3.4,0.04,41,143,0.9932,2.95,0.39,10.2,"white","California",6
"514",5977,6.5,0.26,0.74,13.3,0.044,68,224,0.9972,3.18,0.54,9.5,"white","California",6
"515",5978,6.5,0.15,0.32,1.3,0.036,19,76,0.98964,3.18,0.41,12.3,"white","California",7
"516",5979,7.9,0.58,0.23,2.3,0.076,23,94,0.99686,3.21,0.58,9.5,"red","California",6
"517",5980,8.1,0.53,0.22,2.2,0.078,33,89,0.99678,3.26,0.46,9.6,"red","California",6
"518",5981,6.2,0.16,0.54,1.4,0.126,37,110,0.9932,3.23,0.37,8.9,"white","California",6
"519",5982,8.9,0.84,0.34,1.4,0.05,4,10,0.99554,3.12,0.48,9.1,"red","California",5
"520",5983,6.7,0.48,0.02,2.2,0.08,36,111,0.99524,3.1,0.53,9.7,"red","Texas",5
"521",5984,7.2,0.24,0.28,1.9,0.032,30,92,0.9914,3.1,0.39,10.9,"white","California",6
"522",5985,9.6,0.38,0.42,1.9,0.071,5,13,0.99659,3.15,0.75,10.5,"red","California",6
"523",5986,6,0.22,0.28,1.1,0.034,47,90,0.98862,3.22,0.38,12.6,"white","California",7
"524",5987,7.5,0.26,0.38,5.7,0.021,23,125,0.99338,3.13,0.62,11.1,"white","California",6
"525",5988,6.5,0.38,0.53,1.4,0.142,5,69,0.9926,3.14,0.52,10.1,"white","California",6
"526",5989,6.4,0.69,0,1.65,0.055,7,12,0.99162,3.47,0.53,12.9,"red","California",7
"527",5990,7.3,0.73,0.24,1.9,0.108,18,102,0.9967,3.26,0.59,9.3,"red","Texas",5
"528",5991,6.1,0.19,0.37,2.6,0.041,24,99,0.99153,3.18,0.5,10.9,"white","Texas",6
"529",5992,7.4,0.41,0.66,10.8,0.051,77,194,0.9976,3.05,0.46,8.7,"white","Texas",5
"530",5993,6.5,0.31,0.61,13,0.053,31,123,0.99708,3.09,0.5,9.3,"white","California",6
"531",5994,6.7,0.28,0.28,2.4,0.012,36,100,0.99064,3.26,0.39,11.7,"white","California",6
"532",5995,6.3,0.37,0.28,6.3,0.034,45,152,0.9921,3.29,0.46,11.6,"white","California",6
"533",5996,9,0.55,0.3,8.1,0.026,14,71,0.993,2.94,0.36,11.8,"white","Texas",6
"534",5997,7,0.745,0.12,1.8,0.114,15,64,0.99588,3.22,0.59,9.5,"red","California",5
"535",5998,6.3,0.3,0.91,8.2,0.034,50,199,0.99394,3.39,0.49,11.7,"white","Texas",6
"536",5999,6.9,0.15,0.28,4.4,0.029,14,107,0.99347,3.24,0.46,10.4,"white","Texas",6
"537",6000,11.2,0.67,0.55,2.3,0.084,6,13,1,3.17,0.71,9.5,"red","California",5
"538",6001,6.9,0.26,0.29,4.2,0.043,33,114,0.9902,3.16,0.31,12.5,"white","California",7
"539",6002,7.2,0.33,0.28,1.4,0.034,26,109,0.99246,3.28,0.57,10.6,"white","California",6
"540",6003,8,0.26,0.28,4.8,0.05,34,150,0.99437,3.13,0.5,10,"white","California",6
"541",6004,5.7,0.695,0.06,6.8,0.042,9,84,0.99432,3.44,0.44,10.2,"white","Texas",5
"542",6005,7.1,0.13,0.38,1.8,0.046,14,114,0.9925,3.32,0.9,11.7,"white","California",7
"543",6006,7.8,0.21,0.49,1.2,0.036,20,99,0.99,3.05,0.28,12.1,"white","California",6
"544",6007,7.6,0.46,0.11,2.6,0.079,12,49,0.9968,3.21,0.57,10,"red","Texas",5
"545",6008,7.2,0.23,0.39,14.2,0.058,49,192,0.9979,2.98,0.48,9,"white","California",6
"546",6009,8.9,0.31,0.36,2.6,0.056,10,39,0.99562,3.4,0.69,11.8,"red","Texas",6
"547",6010,8.5,0.19,0.48,1.1,0.026,23,58,0.99184,2.9,0.5,10.5,"white","California",6
"548",6011,6.5,0.36,0.36,6.7,0.185,51.5,151,0.99528,3.17,0.42,9.3,"white","California",6
"549",6012,5.1,0.23,0.18,1,0.053,13,99,0.98956,3.22,0.39,11.5,"white","California",6
"550",6013,7.6,0.28,0.39,1.2,0.038,21,115,0.994,3.16,0.67,10,"white","California",6
"551",6014,6.3,0.495,0.22,1.8,0.046,31,140,0.9929,3.39,0.54,10.4,"white","California",6
"552",6015,6.6,0.33,0.24,16.05,0.045,31,147,0.99822,3.08,0.52,9.2,"white","Texas",5
"553",6016,7.1,0.21,0.4,1.2,0.069,24,156,0.9928,3.42,0.43,10.6,"white","Texas",5
"554",6017,6.5,0.36,0.16,1.3,0.054,11,107,0.99398,3.19,0.39,8.5,"white","California",5
"555",6018,6.7,0.17,0.37,2,0.039,34,125,0.9922,3.26,0.6,10.8,"white","California",6
"556",6019,6.8,0.18,0.21,5.4,0.053,34,104,0.99445,3.3,0.43,9.4,"white","Texas",5
"557",6020,10.5,0.28,0.51,1.7,0.08,10,24,0.9982,3.2,0.89,9.4,"red","California",6
"558",6021,5.7,0.22,0.28,1.3,0.027,26,101,0.98948,3.35,0.38,12.5,"white","California",7
"559",6022,6.2,0.35,0.2,18.1,0.069,33,158,0.99908,3.15,0.5,8.8,"white","California",6
"560",6023,7.8,0.64,0,1.9,0.072,27,55,0.9962,3.31,0.63,11,"red","California",6
"561",6024,6.4,0.42,0.19,9.3,0.043,28,145,0.99433,3.23,0.53,10.98,"white","California",6
"562",6025,6.9,0.84,0.21,4.1,0.074,16,65,0.99842,3.53,0.72,9.25,"red","California",5
"563",6026,7.1,0.68,0,2.2,0.073,12,22,0.9969,3.48,0.5,9.3,"red","Texas",5
"564",6027,5.8,0.2,0.24,1.4,0.033,65,169,0.99043,3.59,0.56,12.3,"white","California",7
"565",6028,8.2,0.4,0.48,13.7,0.042,59,169,0.9986,3.1,0.52,9.4,"white","Texas",5
"566",6029,11.5,0.54,0.71,4.4,0.124,6,15,0.9984,3.01,0.83,11.8,"red","California",6
"567",6030,7.2,0.31,0.46,5,0.04,3,29,0.9906,3.04,0.53,12.5,"white","Texas",6
"568",6031,8.4,0.6,0.1,2.2,0.085,14,111,0.9964,3.15,0.66,9.8,"red","Texas",5
"569",6032,5.6,0.18,0.29,2.3,0.04,5,47,0.99126,3.07,0.45,10.1,"white","Texas",5
"570",6033,7.5,0.42,0.45,9.1,0.029,20,125,0.996,3.12,0.36,10.1,"white","Texas",5
"571",6034,7.2,0.38,0.3,1.8,0.073,31,70,0.99685,3.42,0.59,9.5,"red","California",6
"572",6035,7.1,0.39,0.79,1.4,0.194,23,90,0.99212,3.17,0.46,10.5,"white","California",6
"573",6036,7.1,0.68,0.07,1.9,0.075,16,51,0.99685,3.38,0.52,9.5,"red","Texas",5
"574",6037,6.4,0.21,0.5,11.6,0.042,45,153,0.9972,3.15,0.43,8.8,"white","Texas",5
"575",6038,6.7,0.19,0.32,3.7,0.041,26,76,0.99173,2.9,0.57,10.5,"white","California",6
"576",6039,6.2,0.22,0.49,6,0.029,31,128,0.9928,3.41,0.36,11.3,"white","Texas",6
"577",6040,6.4,0.31,0.26,13.2,0.046,57,205,0.9975,3.17,0.41,9.6,"white","Texas",5
"578",6041,6.9,0.615,0.42,12,0.067,24,131,0.99727,3.19,0.34,9.3,"white","California",5
"579",6042,6.7,0.75,0.01,2.4,0.078,17,32,0.9955,3.55,0.61,12.8,"red","California",6
"580",6043,7.8,0.57,0.31,1.8,0.069,26,120,0.99625,3.29,0.53,9.3,"red","Texas",5
"581",6044,8.3,0.26,0.37,1.4,0.076,8,23,0.9974,3.26,0.7,9.6,"red","California",6
"582",6045,7.7,0.15,0.29,1.3,0.029,10,64,0.9932,3.35,0.39,10.1,"white","Texas",5
"583",6046,6.4,0.35,0.28,1.6,0.037,31,113,0.98779,3.12,0.4,14.2,"white","California",7
"584",6047,6.5,0.35,0.28,12.4,0.051,86,213,0.9962,3.16,0.51,9.9,"white","California",6
"585",6048,8.6,0.8,0.11,2.3,0.084,12,31,0.9979,3.4,0.48,9.9,"red","Texas",5
"586",6049,5,0.29,0.54,5.7,0.035,54,155,0.98976,3.27,0.34,12.9,"white","Texas",6
"587",6050,6.8,0.36,0.32,1.6,0.039,10,124,0.9948,3.3,0.67,9.6,"white","Texas",5
"588",6051,6.2,0.37,0.24,6.1,0.032,19,86,0.98934,3.04,0.26,13.4,"white","Texas",6
"589",6052,6.9,0.22,0.32,5.8,0.041,20,119,0.99296,3.17,0.55,11.2,"white","California",6
"590",6053,5.3,0.57,0.01,1.7,0.054,5,27,0.9934,3.57,0.84,12.5,"red","California",6
"591",6054,8,0.19,0.36,1.8,0.05,16,84,0.9936,3.15,0.45,9.8,"white","California",6
"592",6055,7.7,0.27,0.35,5.3,0.03,30,117,0.992,3.11,0.42,12.2,"white","California",7
"593",6056,7.4,0.18,0.24,1.4,0.047,21,106,0.99383,3.52,0.64,10.5,"white","California",6
"594",6057,12.4,0.42,0.49,4.6,0.073,19,43,0.9978,3.02,0.61,9.5,"red","Texas",6
"595",6058,6.3,0.28,0.3,3.1,0.039,24,115,0.9942,3.05,0.43,8.6,"white","California",5
"596",6059,8.9,0.21,0.37,1.2,0.028,20,93,0.99244,3.2,0.37,11.5,"white","Texas",6
"597",6060,8.3,0.14,0.26,1.5,0.049,56,189,0.9946,3.21,0.62,9.5,"white","California",6
"598",6061,7.2,0.655,0.03,1.8,0.078,7,12,0.99587,3.34,0.39,9.5,"red","Texas",5
"599",6062,6.1,0.34,0.27,2.6,0.024,20,105,0.9906,3.4,0.67,12.2,"white","California",7
"600",6063,5.1,0.33,0.22,1.6,0.027,18,89,0.9893,3.51,0.38,12.5,"white","California",7
"601",6064,7.2,0.27,0.74,12.5,0.037,47,156,0.9981,3.04,0.44,8.7,"white","Texas",5
"602",6065,8.4,0.3,0.25,17.75,0.047,25,218,1.00016,2.98,0.66,9.1,"white","Texas",5
"603",6066,6.9,0.25,0.24,3.6,0.057,13,85,0.9942,2.99,0.48,9.5,"white","Texas",5
"604",6067,6.9,0.25,0.35,1.3,0.039,29,191,0.9908,3.13,0.52,11,"white","Texas",6
"605",6068,6.9,0.31,0.32,1.2,0.024,20,166,0.99208,3.05,0.54,9.8,"white","California",6
"606",6069,6.2,0.36,0.26,13.2,0.051,54,201,0.9976,3.25,0.46,9,"white","Texas",5
"607",6070,7.1,0.28,0.19,7.8,0.04,48,184,0.99579,3.16,0.5,9.4,"white","Texas",5
"608",6071,6.3,0.24,0.29,1.6,0.052,48,185,0.9934,3.21,0.5,9.4,"white","California",6
"609",6072,7,0.43,0.02,1.9,0.08,15,28,0.99492,3.35,0.81,10.6,"red","California",6
"610",6073,12.8,0.3,0.74,2.6,0.095,9,28,0.9994,3.2,0.77,10.8,"red","California",6
"611",6074,7.6,0.19,0.41,1.1,0.04,38,143,0.9907,2.92,0.42,11.4,"white","Texas",6
"612",6075,9.7,0.53,0.6,2,0.039,5,19,0.99585,3.3,0.86,12.4,"red","Texas",6
"613",6076,6.6,0.61,0,1.6,0.069,4,8,0.99396,3.33,0.37,10.4,"red","Texas",5
"614",6077,7.4,0.61,0.01,2,0.074,13,38,0.99748,3.48,0.65,9.8,"red","California",6
"615",6078,9.8,0.42,0.48,9.85,0.034,5,110,0.9958,2.87,0.29,10,"white","Texas",5
"616",6079,7.5,0.18,0.72,9.6,0.039,53,151,0.99802,3.03,0.46,8.9,"white","California",6
"617",6080,6.4,0.25,0.33,1.7,0.037,35,113,0.99164,3.23,0.66,10.6,"white","California",6
"618",6081,7.7,0.44,0.24,11.2,0.031,41,167,0.9948,3.12,0.43,11.3,"white","California",6
"619",6082,7.1,0.22,0.32,16.9,0.056,49,158,0.9998,3.37,0.38,9.6,"white","California",6
"620",6083,7,0.65,0.02,2.1,0.066,8,25,0.9972,3.47,0.67,9.5,"red","California",6
"621",6084,7.5,0.34,0.35,6,0.034,12,126,0.9924,3.16,0.39,12,"white","California",6
"622",6085,9.2,0.27,0.34,10.5,0.043,49,228,0.9974,3.04,0.41,10.4,"white","California",6
"623",6086,6.1,0.22,0.49,1.5,0.051,18,87,0.9928,3.3,0.46,9.6,"white","Texas",5
"624",6087,7.3,0.3,0.25,2.5,0.045,32,122,0.99329,3.18,0.54,10.3,"white","Texas",5
"625",6088,8,0.58,0.16,2,0.12,3,7,0.99454,3.22,0.58,11.2,"red","California",6
"626",6089,7,0.45,0.34,19.8,0.04,12,67,0.9976,3.07,0.38,11,"white","California",6
"627",6090,6.8,0.21,0.55,14.6,0.053,34,159,0.99805,2.93,0.44,9.2,"white","Texas",5
"628",6091,6.4,0.37,0.37,4.85,0.041,39.5,216.5,0.99432,3.1,0.5,9.8,"white","California",6
"629",6092,8.6,0.47,0.47,2.4,0.074,7,29,0.9979,3.08,0.46,9.5,"red","Texas",5
"630",6093,6.6,0.24,0.22,12.3,0.051,35,146,0.99676,3.1,0.67,9.4,"white","Texas",5
"631",6094,7,0.19,0.23,5.7,0.123,27,104,0.9954,3.04,0.54,9.4,"white","California",6
"632",6095,6.2,0.44,0.18,7.7,0.096,28,210,0.99771,3.56,0.72,9.2,"white","Texas",5
"633",6096,7.5,0.61,0.26,1.9,0.073,24,88,0.99612,3.3,0.53,9.8,"red","Texas",5
"634",6097,7.6,0.41,0.14,3,0.087,21,43,0.9964,3.32,0.57,10.5,"red","California",6
"635",6098,6.3,0.255,0.37,1.1,0.04,37,114,0.9905,3,0.39,10.9,"white","Texas",5
"636",6099,7.5,0.5,0.36,6.1,0.071,17,102,0.9978,3.35,0.8,10.5,"red","Texas",5
"637",6100,7.2,0.27,0.74,12.5,0.037,47,156,0.9981,3.04,0.44,8.7,"white","Texas",5
"638",6101,10.6,0.36,0.59,2.2,0.152,6,18,0.9986,3.04,1.05,9.4,"red","Texas",5
"639",6102,6.8,0.18,0.46,1.4,0.064,37,160,0.9924,3.37,0.45,11.1,"white","Texas",6
"640",6103,6.5,0.16,0.33,4.8,0.043,45,114,0.992,3.18,0.44,11.2,"white","California",6
"641",6104,7,0.805,0,2.5,0.068,7,20,0.9969,3.48,0.56,9.6,"red","Texas",5
"642",6105,6.5,0.32,0.34,5.7,0.044,27,91,0.99184,3.28,0.6,12,"white","California",7
"643",6106,5.7,0.27,0.16,9,0.053,32,111,0.99474,3.36,0.37,10.4,"white","California",6
"644",6107,6.8,0.37,0.51,11.8,0.044,62,163,0.9976,3.19,0.44,8.8,"white","Texas",5
"645",6108,7.5,0.19,0.34,2.6,0.037,33,125,0.9923,3.1,0.49,11.1,"white","California",6
"646",6109,6.7,0.7,0.08,3.75,0.067,8,16,0.99334,3.43,0.52,12.6,"red","California",6
"647",6110,7.1,0.31,0.17,1,0.042,21,144,0.99304,3.13,0.4,9.6,"white","California",6
"648",6111,8.1,0.2,0.28,0.9,0.023,49,87,0.99062,2.92,0.36,11.1,"white","California",6
"649",6112,8,0.23,0.28,2.7,0.048,49,165,0.9952,3.26,0.72,9.5,"white","California",6
"650",6113,5.6,0.32,0.33,7.4,0.037,25,95,0.99268,3.25,0.49,11.1,"white","California",6
"651",6114,7.5,0.27,0.79,11.95,0.04,51,159,0.99839,2.98,0.44,8.7,"white","Texas",5
"652",6115,8,0.52,0.25,2,0.078,19,59,0.99612,3.3,0.48,10.2,"red","Texas",5
"653",6116,10.5,0.59,0.49,2.1,0.07,14,47,0.9991,3.3,0.56,9.6,"red","Texas",5
"654",6117,6.5,0.18,0.48,18,0.054,56,183,1.00038,2.98,0.61,8.5,"white","California",6
"655",6118,6.4,0.22,0.31,13.9,0.04,57,135,0.99672,3.21,0.38,10.7,"white","California",6
"656",6119,6,0.22,0.23,5,0.045,10,122,0.99261,2.94,0.63,10,"white","California",6
"657",6120,7,0.27,0.36,20.7,0.045,45,170,1.001,3,0.45,8.8,"white","Texas",5
"658",6121,7.2,0.62,0.06,2.5,0.078,17,84,0.99746,3.51,0.53,9.7,"red","Texas",5
"659",6122,6.2,0.29,0.29,5.6,0.046,35,178,0.99313,3.25,0.51,10.53333333,"white","California",6
"660",6123,7.3,0.67,0.05,3.6,0.107,6,20,0.9972,3.4,0.63,10.1,"red","Texas",5
"661",6124,6.9,0.29,0.25,12.2,0.04,29,136,0.99552,3.05,0.65,10.4,"white","Texas",6
"662",6125,12.6,0.31,0.72,2.2,0.072,6,29,0.9987,2.88,0.82,9.8,"red","California",6
"663",6126,6.6,0.22,0.53,15.1,0.052,22,136,0.9986,2.94,0.35,9.4,"white","Texas",5
"664",6127,7.4,0.35,0.24,6,0.042,28,123,0.99304,3.14,0.44,11.3,"white","California",6
"665",6128,5.8,0.3,0.12,1.6,0.036,57,163,0.99239,3.38,0.59,10.5,"white","California",6
"666",6129,6.4,0.57,0.02,1.8,0.067,4,11,0.997,3.46,0.68,9.5,"red","Texas",5
"667",6130,8.5,0.47,0.27,1.9,0.058,18,38,0.99518,3.16,0.85,11.1,"red","California",6
"668",6131,7.1,0.16,0.36,10.7,0.044,20,90,0.9959,3.16,0.44,10.9,"white","California",6
"669",6132,5.8,0.38,0.26,1.1,0.058,20,140,0.99271,3.27,0.43,9.7,"white","California",6
"670",6133,7.3,0.28,0.54,12.9,0.049,62,162.5,0.9984,3.06,0.45,9.1,"white","Texas",5
"671",6134,6,0.28,0.27,4.1,0.046,50,147,0.99126,3.27,0.56,11.6,"white","California",6
"672",6135,13.7,0.415,0.68,2.9,0.085,17,43,1.0014,3.06,0.8,10,"red","California",6
"673",6136,6.8,0.22,0.31,6.9,0.037,33,121,0.99176,3.02,0.39,11.9,"white","California",6
"674",6137,6.3,0.27,0.46,11.1,0.053,44,177,0.99691,3.18,0.67,9.4,"white","California",6
"675",6138,6.2,0.24,0.28,12.2,0.049,54,133,0.9952,3.19,0.37,10.7,"white","California",6
"676",6139,7.4,0.18,0.27,1.3,0.048,26,105,0.994,3.52,0.66,10.6,"white","California",6
"677",6140,7.4,0.2,0.28,9.1,0.047,29,95,0.99532,3.16,0.47,9.8,"white","California",6
"678",6141,7.4,0.25,0.36,13.2,0.067,53,178,0.9976,3.01,0.48,9,"white","Texas",5
"679",6142,7.6,0.18,0.49,18.05,0.046,36,158,0.9996,3.06,0.41,9.2,"white","Texas",5
"680",6143,9.5,0.37,0.52,2,0.088,12,51,0.99613,3.29,0.58,11.1,"red","California",6
"681",6144,6.1,0.36,0.33,1.1,0.05,24,169,0.9927,3.15,0.78,9.5,"white","Texas",5
"682",6145,5.9,0.13,0.28,1.9,0.05,20,78,0.9918,3.43,0.64,10.8,"white","Texas",6
"683",6146,7.2,0.5,0.18,2.1,0.071,12,31,0.99761,3.52,0.72,9.6,"red","California",6
"684",6147,6.9,0.74,0.03,2.3,0.054,7,16,0.99508,3.45,0.63,11.5,"red","California",6
"685",6148,7.4,0.49,0.27,2.1,0.071,14,25,0.99388,3.35,0.63,12,"red","California",6
"686",6149,7.6,0.4,0.27,1.2,0.053,23,193,0.99164,3.22,0.38,11.6,"white","California",6
"687",6150,7.6,0.25,1.23,4.6,0.035,51,294,0.99018,3.03,0.43,13.1,"white","California",7
"688",6151,7.3,0.3,0.74,13.5,0.039,46,165,0.9982,3.02,0.4,8.7,"white","Texas",5
"689",6152,7.1,0.24,0.41,17.8,0.046,39,145,0.9998,3.32,0.39,8.7,"white","California",6
"690",6153,6.5,0.25,0.27,17.4,0.064,29,140,0.99776,3.2,0.49,10.1,"white","California",6
"691",6154,7,0.31,0.39,7.5,0.055,42,218,0.99652,3.37,0.54,10.3,"white","California",6
"692",6155,7.5,0.57,0.02,2.6,0.077,11,35,0.99557,3.36,0.62,10.8,"red","California",6
"693",6156,7,0.21,0.28,8.7,0.045,37,222,0.9954,3.25,0.54,10.4,"white","Texas",6
"694",6157,6.8,0.24,0.34,2.7,0.047,64.5,218.5,0.9934,3.3,0.58,9.7,"white","California",6
"695",6158,7.1,0.43,0.61,11.8,0.045,54,155,0.9974,3.11,0.45,8.7,"white","Texas",5
"696",6159,7.4,0.24,0.42,14,0.066,48,198,0.9979,2.89,0.42,8.9,"white","Texas",5
"697",6160,6.9,0.3,0.3,10.55,0.037,4,28,0.99184,3.07,0.32,12.7,"white","California",7
"698",6161,6.5,0.22,0.25,17.1,0.05,44,138,1.0001,3.3,0.37,8.8,"white","Texas",5
"699",6162,7.9,0.51,0.34,2.6,0.049,13,135,0.99335,3.09,0.51,10,"white","California",6
"700",6163,6.4,0.15,0.4,1.5,0.042,23,87,0.98972,3.11,0.46,12.2,"white","California",7
"701",6164,5.8,0.36,0.26,3.3,0.038,40,153,0.9911,3.34,0.55,11.3,"white","California",6
"702",6165,8.8,0.2,0.43,15,0.053,60,184,1.0008,3.28,0.79,8.8,"white","California",6
"703",6166,8.3,0.21,0.4,1.6,0.032,35,110,0.9907,3.02,0.6,12.9,"white","California",7
"704",6167,7.5,0.18,0.37,6.2,0.05,21,138,0.99546,3.2,0.55,10.5,"white","California",6
"705",6168,7.3,0.39,0.31,2.4,0.074,9,46,0.9962,3.41,0.54,9.4,"red","Texas",5
"706",6169,7,0.36,0.3,5,0.04,40,143,0.99173,3.33,0.42,12.2,"white","California",6
"707",6170,11,0.2,0.48,2,0.343,6,18,0.9979,3.3,0.71,10.5,"red","California",6
"708",6171,7.4,0.27,0.48,1.1,0.047,17,132,0.9914,3.19,0.49,11.6,"white","Texas",6
"709",6172,6.8,0.19,0.4,9.85,0.055,41,103,0.99532,2.98,0.56,10.5,"white","California",6
"710",6173,7.6,0.2,0.3,14.2,0.056,53,212.5,0.999,3.14,0.46,8.9,"white","Texas",5
"711",6174,6.8,0.36,0.32,1.8,0.067,4,8,0.9928,3.36,0.55,12.8,"red","California",7
"712",6175,9.1,0.45,0.35,2.4,0.08,23,78,0.9987,3.38,0.62,9.5,"red","Texas",5
"713",6176,9.6,0.77,0.12,2.9,0.082,30,74,0.99865,3.3,0.64,10.4,"red","California",6
"714",6177,5.4,0.29,0.38,1.2,0.029,31,132,0.98895,3.28,0.36,12.4,"white","Texas",6
"715",6178,5.2,0.49,0.26,2.3,0.09,23,74,0.9953,3.71,0.62,12.2,"red","California",6
"716",6179,8.2,0.18,0.28,8.5,0.035,41,140,0.9952,3.04,0.37,10.1,"white","California",6
"717",6180,5.6,0.295,0.26,1.1,0.035,40,102,0.99154,3.47,0.56,10.6,"white","California",6
"718",6181,6.8,0.51,0.01,2.1,0.074,9,25,0.9958,3.33,0.56,9.5,"red","California",6
"719",6182,5.6,0.185,0.49,1.1,0.03,28,117,0.9918,3.55,0.45,10.3,"white","California",6
"720",6183,5.7,0.31,0.28,4.1,0.03,22,86,0.99062,3.31,0.38,11.7,"white","California",6
"721",6184,7,0.25,0.33,2.1,0.021,17,76,0.99021,3.26,0.45,12.3,"white","California",7
"722",6185,6.9,0.2,0.3,4.7,0.041,40,148,0.9932,3.16,0.35,10.2,"white","California",6
"723",6186,7.1,0.26,0.34,14.4,0.067,35,189,0.9986,3.07,0.53,9.1,"white","California",6
"724",6187,6,0.64,0.05,1.9,0.066,9,17,0.99496,3.52,0.78,10.6,"red","Texas",5
"725",6188,10.8,0.4,0.41,2.2,0.084,7,17,0.9984,3.08,0.67,9.3,"red","California",6
"726",6189,6.4,0.22,0.34,1.4,0.023,56,115,0.98958,3.18,0.7,11.7,"white","California",7
"727",6190,6.4,0.25,0.33,1.4,0.04,42,115,0.9906,3.19,0.48,11.3,"white","California",6
"728",6191,6.4,0.28,0.36,1.3,0.053,28,186,0.99211,3.31,0.45,10.8,"white","California",6
"729",6192,7.7,0.29,0.48,2.3,0.049,36,178,0.9931,3.17,0.64,10.6,"white","Texas",5
"730",6193,6.4,0.32,0.27,4.9,0.034,18,122,0.9916,3.36,0.71,12.5,"white","California",7
"731",6194,7.3,0.25,0.29,7.5,0.049,38,158,0.9965,3.43,0.38,9.6,"white","Texas",5
"732",6195,6.8,0.57,0,2.5,0.072,32,64,0.99491,3.43,0.56,11.2,"red","California",6
"733",6196,8.9,0.62,0.18,3.8,0.176,52,145,0.9986,3.16,0.88,9.2,"red","Texas",5
"734",6197,5.5,0.14,0.27,4.6,0.029,22,104,0.9949,3.34,0.44,9,"white","Texas",5
"735",6198,5.8,0.23,0.31,4.5,0.046,42,124,0.99324,3.31,0.64,10.8,"white","California",6
"736",6199,5.7,0.43,0.3,5.7,0.039,24,98,0.992,3.54,0.61,12.3,"white","California",7
"737",6200,7,0.44,0.24,12.1,0.056,68,210,0.99718,3.05,0.5,9.5,"white","California",6
"738",6201,7.7,0.28,0.33,6.7,0.037,32,155,0.9951,3.39,0.62,10.7,"white","California",6
"739",6202,6,0.28,0.24,17.8,0.047,42,111,0.99896,3.1,0.45,8.9,"white","California",6
"740",6203,6.5,0.3,0.32,2,0.044,34,90,0.99185,3.37,0.68,11,"white","Texas",6
"741",6204,6.1,0.32,0.33,10.7,0.036,27,98,0.99521,3.34,0.52,10.2,"white","California",6
"742",6205,6.2,0.27,0.32,6.3,0.048,47,159,0.99282,3.21,0.6,11,"white","California",6
"743",6206,8.4,0.2,0.38,11.8,0.055,51,170,1.0004,3.34,0.82,8.9,"white","California",6
"744",6207,6.1,0.32,0.37,1.8,0.051,13,200,0.9945,3.49,0.44,10.5,"white","Texas",5
"745",6208,7.1,0.33,0.25,1.6,0.03,25,126,0.9901,3.22,0.34,12.1,"white","California",6
"746",6209,6,0.32,0.46,1.5,0.05,56,189,0.99308,3.24,0.49,9.6,"white","Texas",5
"747",6210,11.4,0.36,0.69,2.1,0.09,6,21,1,3.17,0.62,9.2,"red","California",6
"748",6211,8.1,0.2,0.49,8.1,0.051,51,205,0.9954,3.1,0.52,11,"white","California",6
"749",6212,6.4,0.26,0.21,8.2,0.05,51,182,0.99542,3.23,0.48,9.5,"white","Texas",5
"750",6213,7,0.43,0.3,2,0.085,6,39,0.99346,3.33,0.46,11.9,"red","California",6
"751",6214,7.4,0.21,0.27,1.2,0.041,27,99,0.9927,3.19,0.33,9.8,"white","Texas",5
"752",6215,4.2,0.17,0.36,1.8,0.029,93,161,0.98999,3.65,0.89,12,"white","California",7
"753",6216,8,0.3,0.36,11,0.034,8,70,0.99354,3.05,0.41,12.2,"white","California",7
"754",6217,6.9,0.22,0.31,6.3,0.029,41,131,0.99326,3.08,0.49,10.8,"white","California",6
"755",6218,7.3,0.3,0.74,13.5,0.039,46,165,0.9982,3.02,0.4,8.7,"white","Texas",5
"756",6219,10.1,0.45,0.23,1.9,0.082,10,18,0.99774,3.22,0.65,9.3,"red","California",6
"757",6220,7.8,0.49,0.49,7,0.043,29,149,0.9952,3.21,0.33,10,"white","Texas",5
"758",6221,6.2,0.47,0.19,8.3,0.029,24,142,0.992,3.22,0.45,12.3,"white","California",6
"759",6222,6.4,0.62,0.12,4.7,0.06,33,196,0.99556,3.22,0.48,8.9,"white","Texas",5
"760",6223,6.9,0.23,0.34,4,0.047,24,128,0.9944,3.2,0.52,9.7,"white","Texas",5
"761",6224,7,0.6,0.3,4.5,0.068,20,110,0.99914,3.3,1.17,10.2,"red","Texas",5
"762",6225,7.1,0.33,0.64,13.2,0.056,12,105,0.9972,3.05,0.39,9.2,"white","Texas",5
"763",6226,7.4,0.26,0.3,7.9,0.049,38,157,0.9963,3.13,0.48,8.9,"white","Texas",5
"764",6227,6.6,0.24,0.35,7.7,0.031,36,135,0.9938,3.19,0.37,10.5,"white","Texas",6
"765",6228,7.8,0.91,0.07,1.9,0.058,22,47,0.99525,3.51,0.43,10.7,"red","California",6
"766",6229,7,0.22,0.26,1.1,0.037,20,71,0.9902,3.1,0.38,11.7,"white","California",6
"767",6230,6.7,0.2,0.42,14,0.038,83,160,0.9987,3.16,0.5,9.4,"white","California",6
"768",6231,5.8,0.24,0.39,1.5,0.054,37,158,0.9932,3.21,0.52,9.3,"white","California",6
"769",6232,8.9,0.59,0.5,2,0.337,27,81,0.9964,3.04,1.61,9.5,"red","Texas",6
"770",6233,8,0.22,0.28,14,0.053,83,197,0.9981,3.14,0.45,9.8,"white","California",6
"771",6234,6.6,0.32,0.41,7.2,0.048,55,178,0.99537,3.2,0.46,9.4,"white","California",6
"772",6235,8.9,0.3,0.35,4.6,0.032,32,148,0.99458,3.15,0.45,11.5,"white","California",6
"773",6236,8.8,0.41,0.64,2.2,0.093,9,42,0.9986,3.54,0.66,10.5,"red","Texas",5
"774",6237,9.9,0.54,0.45,2.3,0.071,16,40,0.9991,3.39,0.62,9.4,"red","Texas",5
"775",6238,7.8,0.53,0.04,1.7,0.076,17,31,0.9964,3.33,0.56,10,"red","Texas",5
"776",6239,7,0.2,0.35,8.8,0.037,31,103,0.99388,3.13,0.49,11,"white","California",6
"777",6240,7.9,0.19,0.26,2.1,0.039,8,143,0.9942,3.05,0.74,9.8,"white","Texas",5
"778",6241,6.3,0.3,0.2,3.7,0.039,34,132,0.99158,3,0.38,10.7,"white","California",6
"779",6242,7.8,0.42,0.26,9.2,0.058,34,199,0.9972,3.14,0.55,9.3,"white","California",6
"780",6243,6.7,0.24,0.31,2.3,0.044,37,113,0.99013,3.29,0.46,12.9,"white","California",7
"781",6244,9.3,0.2,0.33,1.7,0.05,28,178,0.9954,3.16,0.43,9,"white","Texas",5
"782",6245,9.9,0.27,0.49,5,0.082,9,17,0.99484,3.19,0.52,12.5,"red","California",7
"783",6246,6.7,0.24,0.33,12.3,0.046,31,145,0.9983,3.36,0.4,9.5,"white","Texas",5
"784",6247,7.4,0.45,0.32,7.1,0.044,17,117,0.9962,3.32,0.41,10.4,"white","Texas",5
"785",6248,6.5,0.39,0.81,1.2,0.217,14,74,0.9936,3.08,0.53,9.5,"white","Texas",5
"786",6249,5.7,0.26,0.24,17.8,0.059,23,124,0.99773,3.3,0.5,10.1,"white","California",6
"787",6250,5.8,0.32,0.23,1.5,0.033,39,121,0.9887,2.96,0.35,12,"white","California",6
"788",6251,6.7,0.26,0.49,8.1,0.052,48,197,0.99558,3.19,0.48,9.5,"white","California",6
"789",6252,12.3,0.5,0.49,2.2,0.089,5,14,1.0002,3.19,0.44,9.6,"red","Texas",5
"790",6253,7.5,0.31,0.51,14.8,0.039,62,204,0.9982,3.06,0.6,9.5,"white","Texas",5
"791",6254,8.6,0.16,0.49,7.3,0.043,9,63,0.9953,3.13,0.59,10.5,"white","California",6
"792",6255,6.6,0.34,0.24,3.3,0.034,29,99,0.99031,3.1,0.4,12.3,"white","California",6
"793",6256,6.5,0.27,0.19,4.2,0.046,6,114,0.9955,3.25,0.35,8.6,"white","Texas",5
"794",6257,6.4,0.26,0.35,7.7,0.056,45,191,0.99527,3.16,0.5,9.5,"white","California",6
"795",6258,7.7,0.24,0.31,1.3,0.047,33,106,0.993,3.22,0.55,10.8,"white","California",6
"796",6259,6.1,0.25,0.48,15.8,0.052,25,94,0.99782,3.07,0.45,9.2,"white","California",6
"797",6260,7,0.24,0.24,1.8,0.047,29,91,0.99251,3.3,0.43,9.9,"white","California",6
"798",6261,7.3,0.25,0.26,7.2,0.048,52,207,0.99587,3.12,0.37,9.2,"white","California",6
"799",6262,7.3,0.34,0.3,9.4,0.057,34,178,0.99554,3.15,0.44,10.4,"white","California",6
"800",6263,5.8,0.17,0.36,1.3,0.036,11,70,0.99202,3.43,0.68,10.4,"white","California",6
"801",6264,6.6,0.26,0.29,1.4,0.039,13,67,0.9915,3.05,0.49,10.9,"white","California",6
"802",6265,7.1,0.26,0.32,5.9,0.037,39,97,0.9934,3.31,0.4,11.6,"white","California",6
"803",6266,7.3,0.26,0.53,12.7,0.047,60.5,164.5,0.9984,3.06,0.45,9.1,"white","Texas",5
"804",6267,6.6,0.19,0.99,1.2,0.122,45,129,0.9936,3.09,0.31,8.7,"white","California",5
"805",6268,6.6,0.54,0.21,16.3,0.055,41,182,0.9986,3.35,0.54,10.4,"white","Texas",5
"806",6269,7.4,0.22,0.28,9,0.046,22,121,0.99468,3.1,0.55,10.8,"white","California",6
"807",6270,6.7,0.24,0.26,5.4,0.03,15,94,0.99045,3.15,0.38,12.7,"white","Texas",6
"808",6271,7.9,0.72,0.01,1.9,0.076,7,32,0.99668,3.39,0.54,9.6,"red","Texas",5
"809",6272,7.5,0.22,0.32,2.4,0.045,29,100,0.99135,3.08,0.6,11.3,"white","California",6
"810",6273,7,0.24,0.24,9,0.03,42,219,0.99636,3.47,0.46,10.2,"white","California",6
"811",6274,7.3,0.17,0.24,8.1,0.121,32,162,0.99508,3.17,0.38,10.4,"white","Texas",5
"812",6275,6.8,0.785,0,2.4,0.104,14,30,0.9966,3.52,0.55,10.7,"red","Texas",5
"813",6276,7.1,0.18,0.39,15.25,0.047,45,158,0.99946,3.34,0.77,9.1,"white","California",6
"814",6277,7.6,0.52,0.49,14,0.034,37,156,0.9958,3.14,0.38,11.8,"white","California",6
"815",6278,7.1,0.18,0.32,12.2,0.048,36,125,0.9967,2.92,0.54,9.4,"white","California",6
"816",6279,5.6,0.66,0,2.2,0.087,3,11,0.99378,3.71,0.63,12.8,"red","California",6
"817",6280,6.4,0.22,0.38,9.1,0.044,35,127,0.99326,2.97,0.3,11,"white","California",6
"818",6281,8.1,0.545,0.18,1.9,0.08,13,35,0.9972,3.3,0.59,9,"red","Texas",5
"819",6282,6,0.2,0.33,1.1,0.039,45,126,0.99051,3.31,0.45,11.6,"white","California",6
"820",6283,7.4,0.64,0.47,14.15,0.168,42,185,0.9984,2.9,0.49,9.3,"white","Texas",5
"821",6284,6.6,0.38,0.15,4.6,0.044,25,78,0.9931,3.11,0.38,10.2,"white","Texas",5
"822",6285,7.4,0.23,0.25,1.4,0.049,43,141,0.9934,3.42,0.54,10.2,"white","California",6
"823",6286,6.6,0.25,0.3,14.4,0.052,40,183,0.998,3.02,0.5,9.1,"white","California",6
"824",6287,7.6,0.3,0.27,10.6,0.039,31,119,0.99815,3.27,0.3,9.3,"white","California",6
"825",6288,7.4,0.33,0.26,15.6,0.049,67,210,0.99907,3.06,0.68,9.5,"white","Texas",5
"826",6289,6.1,0.3,0.32,2.2,0.042,41,142,0.98952,3.31,0.44,12.7,"white","California",7
"827",6290,6.3,0.27,0.51,7.6,0.049,35,200,0.99548,3.16,0.54,9.4,"white","California",6
"828",6291,9.9,0.63,0.24,2.4,0.077,6,33,0.9974,3.09,0.57,9.4,"red","Texas",5
"829",6292,6.7,0.11,0.26,14.8,0.053,44,95,0.99676,3.2,0.35,9.8,"white","California",6
"830",6293,7.8,0.34,0.35,1.8,0.042,8,167,0.9908,3.11,0.41,12.1,"white","Texas",6
"831",6294,6.8,0.21,0.27,18.15,0.042,41,146,1.0001,3.3,0.36,8.7,"white","Texas",5
"832",6295,6.6,0.36,0.52,11.3,0.046,8,110,0.9966,3.07,0.46,9.4,"white","Texas",5
"833",6296,7.6,0.31,0.29,10.5,0.04,21,145,0.9966,3.04,0.35,9.4,"white","Texas",5
"834",6297,7.4,0.4,0.29,5.4,0.044,31,122,0.994,3.3,0.5,11.1,"white","Texas",5
"835",6298,7.3,0.48,0.32,2.1,0.062,31,54,0.99728,3.3,0.65,10,"red","California",6
"836",6299,7.6,0.48,0.37,1.2,0.034,5,57,0.99256,3.05,0.54,10.4,"white","Texas",5
"837",6300,8.3,0.28,0.45,7.8,0.059,32,139,0.9972,3.33,0.77,11.2,"white","California",6
"838",6301,6,0.24,0.28,3.95,0.038,61,134,0.99146,3.3,0.54,11.3,"white","California",6
"839",6302,6.3,0.13,0.42,1.1,0.043,63,146,0.99066,3.13,0.72,11.2,"white","California",6
"840",6303,10.3,0.17,0.47,1.4,0.037,5,33,0.9939,2.89,0.28,9.6,"white","Texas",5
"841",6304,5.4,0.375,0.4,3.3,0.054,29,147,0.99482,3.42,0.52,9.1,"white","Texas",5
"842",6305,6.5,0.33,0.32,1,0.041,39,120,0.99004,3.06,0.37,12.2,"white","California",6
"843",6306,7.6,0.3,0.37,1.6,0.087,27,177,0.99438,3.09,0.5,9.8,"white","California",6
"844",6307,7.6,0.16,0.44,1.4,0.043,25,109,0.9932,3.11,0.75,10.3,"white","California",6
"845",6308,7.6,0.32,0.36,1.6,0.04,32,155,0.993,3.23,0.52,11.3,"white","California",6
"846",6309,6.6,0.56,0.15,10,0.037,38,157,0.99642,3.28,0.52,9.4,"white","Texas",5
"847",6310,7.5,0.51,0.02,1.7,0.084,13,31,0.99538,3.36,0.54,10.5,"red","California",6
"848",6311,5.9,0.19,0.21,1.7,0.045,57,135,0.99341,3.32,0.44,9.5,"white","California",6
"849",6312,6.9,0.4,0.56,11.2,0.043,40,142,0.9975,3.14,0.46,8.7,"white","California",6
"850",6313,8.8,0.27,0.25,5,0.024,52,99,0.9925,2.87,0.49,11.4,"white","California",6
"851",6314,5.9,0.32,0.19,14.5,0.042,37,115,0.99684,3.16,0.43,10.3,"white","Texas",5
"852",6315,6.4,0.32,0.23,16.2,0.055,36,176,0.9986,3.26,0.54,9.1,"white","California",6
"853",6316,6.8,0.28,0.43,7.6,0.03,30,110,0.99164,3.08,0.59,12.5,"white","California",7
"854",6317,6.8,0.28,0.29,11.9,0.052,51,149,0.99544,3.02,0.58,10.4,"white","California",6
"855",6318,6.5,0.24,0.29,8.2,0.043,32,156,0.99453,3.13,0.7,10.1,"white","California",6
"856",6319,6.9,0.25,0.3,4.1,0.054,23,116,0.994,2.99,0.38,9.4,"white","Texas",5
"857",6320,6.7,0.25,0.13,1.2,0.041,81,174,0.992,3.14,0.42,9.8,"white","Texas",5
"858",6321,6.4,0.27,0.3,1.6,0.04,19,86,0.99089,3.32,0.65,11.5,"white","California",6
"859",6322,5.9,0.4,0.32,6,0.034,50,127,0.992,3.51,0.58,12.5,"white","California",7
"860",6323,6.1,0.44,0.28,4.25,0.032,43,132,0.9916,3.26,0.47,11.26666667,"white","California",6
"861",6324,7.6,0.29,0.42,1.3,0.035,18,86,0.9908,2.99,0.39,11.3,"white","Texas",6
"862",6325,10.7,0.52,0.38,2.6,0.066,29,56,0.99577,3.15,0.79,12.1,"red","California",7
"863",6326,8.8,0.42,0.21,2.5,0.092,33,88,0.99823,3.19,0.52,9.2,"red","Texas",5
"864",6327,5.5,0.485,0,1.5,0.065,8,103,0.994,3.63,0.4,9.7,"white","Texas",5
"865",6328,6.6,0.66,0,3,0.115,21,31,0.99629,3.45,0.63,10.3,"red","Texas",5
"866",6329,6.7,0.62,0.21,1.9,0.079,8,62,0.997,3.52,0.58,9.3,"red","Texas",5
"867",6330,7.5,0.23,0.68,11,0.047,37,133,0.9978,2.99,0.38,8.8,"white","Texas",5
"868",6331,6.9,0.23,0.35,6.9,0.03,45,116,0.99244,2.8,0.54,11,"white","Texas",6
"869",6332,10.8,0.5,0.46,2.5,0.073,5,27,1.0001,3.05,0.64,9.5,"red","California",5
"870",6333,6.1,0.37,0.46,12,0.042,61,210,0.997,3.17,0.59,9.7,"white","Texas",5
"871",6334,7.7,0.62,0.04,3.8,0.084,25,45,0.9978,3.34,0.53,9.5,"red","Texas",5
"872",6335,9,0.26,0.34,6.7,0.029,21,162,0.99497,3.08,0.5,10.6,"white","California",6
"873",6336,6.7,0.54,0.27,7.1,0.049,8,178,0.99502,3.16,0.38,9.4,"white","Texas",5
"874",6337,8.4,0.65,0.6,2.1,0.112,12,90,0.9973,3.2,0.52,9.2,"red","Texas",5
"875",6338,9.6,0.6,0.5,2.3,0.079,28,71,0.9997,3.5,0.57,9.7,"red","Texas",5
"876",6339,6.4,0.475,0.06,1,0.03,9,131,0.9904,2.97,0.29,10.8,"white","Texas",5
"877",6340,6.9,0.19,0.39,8,0.028,22,84,0.994,3.11,0.66,10.8,"white","California",6
"878",6341,6.9,0.25,0.35,9.2,0.034,42,150,0.9947,3.21,0.36,11.5,"white","California",6
"879",6342,9.8,0.16,0.46,1.8,0.046,23,130,0.99587,3.04,0.67,9.6,"white","Texas",5
"880",6343,7,0.46,0.2,16.7,0.046,50,184,0.99898,3.08,0.56,9.4,"white","California",6
"881",6344,7.8,0.44,0.28,2.7,0.1,18,95,0.9966,3.22,0.67,9.4,"red","Texas",5
"882",6345,7.5,0.77,0.2,8.1,0.098,30,92,0.99892,3.2,0.58,9.2,"red","Texas",5
"883",6346,7,0.25,0.29,15.2,0.047,40,171,0.9982,3.22,0.45,9.3,"white","Texas",5
"884",6347,7.9,0.14,0.28,1.8,0.041,44,178,0.9954,3.45,0.43,9.2,"white","California",6
"885",6348,6.2,0.32,0.16,7,0.045,30,136,0.9949,3.18,0.47,9.6,"white","Texas",5
"886",6349,6.4,0.25,0.37,4.5,0.039,41,147,0.9921,3.18,0.4,11.1,"white","California",6
"887",6350,5.9,0.34,0.3,3.8,0.035,57,135,0.99016,3.09,0.34,12,"white","California",6
"888",6351,8.7,0.31,0.73,14.35,0.044,27,191,1.00013,2.96,0.88,8.7,"white","California",6
"889",6352,8.2,0.22,0.36,6.8,0.034,12,90,0.9944,3.01,0.38,10.5,"white","Texas",5
"890",6353,7.3,0.22,0.3,8.2,0.047,42,207,0.9966,3.33,0.46,9.5,"white","Texas",5
"891",6354,8.7,0.29,0.52,1.6,0.113,12,37,0.9969,3.25,0.58,9.5,"red","Texas",5
"892",6355,6.1,0.34,0.31,12,0.053,46,238,0.9977,3.16,0.48,8.6,"white","Texas",5
"893",6356,6.1,0.27,0.43,7.5,0.049,65,243,0.9957,3.12,0.47,9,"white","Texas",5
"894",6357,7.7,0.665,0,2.4,0.09,8,19,0.9974,3.27,0.73,9.3,"red","Texas",5
"895",6358,6,0.21,0.3,8.7,0.036,47,127,0.99368,3.18,0.39,10.6,"white","California",6
"896",6359,9.7,0.69,0.32,2.5,0.088,22,91,0.9979,3.29,0.62,10.1,"red","Texas",5
"897",6360,6.7,0.24,0.3,3.85,0.042,105,179,0.99189,3.04,0.59,11.3,"white","Texas",6
"898",6361,6.6,0.36,0.52,10.1,0.05,29,140,0.99628,3.07,0.4,9.4,"white","California",6
"899",6362,6.8,0.29,0.5,13.3,0.053,48,194,0.9974,3.09,0.45,9.4,"white","California",6
"900",6363,7.4,0.25,0.28,7.25,0.028,14,78,0.99238,2.94,0.37,11.5,"white","California",6
"901",6364,7.7,0.34,0.27,8.8,0.063,39,184,0.9969,3.09,0.63,9.2,"white","Texas",5
"902",6365,7.6,0.42,0.25,3.9,0.104,28,90,0.99784,3.15,0.57,9.1,"red","Texas",5
"903",6366,6,0.16,0.27,12,0.03,39,98,0.99402,3.15,0.34,10.8,"white","California",6
"904",6367,6.7,0.66,0,13,0.033,32,75,0.99551,3.15,0.5,10.7,"white","Texas",5
"905",6368,6.4,0.22,0.38,9.1,0.044,35,127,0.99326,2.97,0.3,11,"white","California",6
"906",6369,6.6,0.18,0.26,17.3,0.051,17,149,0.9984,3,0.43,9.4,"white","Texas",5
"907",6370,9.6,0.56,0.23,3.4,0.102,37,92,0.9996,3.3,0.65,10.1,"red","Texas",5
"908",6371,8.8,0.39,0.35,1.8,0.096,22,80,0.99016,2.95,0.54,12.6,"white","California",7
"909",6372,9.3,0.36,0.39,1.5,0.08,41,55,0.99652,3.47,0.73,10.9,"red","California",6
"910",6373,6.4,0.46,0.22,14.7,0.047,51,183,0.998275,3.39,0.6,10.5,"white","Texas",5
"911",6374,7.3,0.835,0.03,2.1,0.092,10,19,0.9966,3.39,0.47,9.6,"red","Texas",5
"912",6375,6.8,0.22,0.35,17.5,0.039,38,153,0.9994,3.24,0.42,9,"white","California",6
"913",6376,7.8,0.28,0.31,2.1,0.046,28,208,0.99434,3.23,0.64,9.8,"white","California",6
"914",6377,5.5,0.315,0.38,2.6,0.033,10,69,0.9909,3.12,0.59,10.8,"white","California",6
"915",6378,6.9,0.54,0.04,3,0.077,7,27,0.9987,3.69,0.91,9.4,"red","Texas",5
"916",6379,7.2,0.2,0.36,2.5,0.028,22,157,0.9938,3.48,0.49,10.6,"white","California",6
"917",6380,7.6,0.2,0.3,14.2,0.056,53,212.5,0.999,3.14,0.46,8.9,"white","Texas",5
"918",6381,8.2,0.73,0.21,1.7,0.074,5,13,0.9968,3.2,0.52,9.5,"red","Texas",5
"919",6382,7.6,0.31,0.49,3.95,0.044,27,131,0.9912,3.08,0.67,12.8,"white","California",7
"920",6383,6.8,0.32,0.39,9.6,0.026,34,124,0.99286,3.18,0.35,12.1,"white","California",7
"921",6384,6,0.4,0.3,1.6,0.047,30,117,0.9931,3.17,0.48,10.1,"white","Texas",5
"922",6385,6.9,0.25,0.4,1.3,0.038,22,101,0.9901,3.03,0.39,11.4,"white","Texas",6
"923",6386,7.7,0.66,0.04,1.6,0.039,4,9,0.9962,3.4,0.47,9.4,"red","Texas",5
"924",6387,6.6,0.32,0.26,7.7,0.054,56,209,0.9961,3.17,0.45,8.8,"white","Texas",5
"925",6388,5.8,0.315,0.27,1.55,0.026,15,70,0.98994,3.37,0.4,11.9,"white","Texas",6
"926",6389,7.6,0.35,0.6,2.6,0.073,23,44,0.99656,3.38,0.79,11.1,"red","California",6
"927",6390,5.6,0.54,0.04,1.7,0.049,5,13,0.9942,3.72,0.58,11.4,"red","Texas",6
"928",6391,7,0.44,0.24,12.1,0.056,68,210,0.99718,3.05,0.5,9.5,"white","California",6
"929",6392,10,0.73,0.43,2.3,0.059,15,31,0.9966,3.15,0.57,11,"red","Texas",5
"930",6393,6.4,0.3,0.16,7.5,0.05,55,191,0.9959,3.17,0.49,9,"white","Texas",5
"931",6394,5.9,0.655,0,5.6,0.033,8,31,0.9936,3.32,0.51,10.5,"white","California",6
"932",6395,6.8,0.17,0.74,2.4,0.053,61,182,0.9953,3.63,0.76,10.5,"white","California",6
"933",6396,6.8,0.21,0.26,11.7,0.038,61,152,0.99523,3.02,0.56,10.5,"white","California",6
"934",6397,6.2,0.33,0.19,5.6,0.042,22,143,0.99425,3.15,0.63,9.9,"white","Texas",5
"935",6398,5.9,0.415,0.13,1.4,0.04,11,64,0.9922,3.29,0.52,10.5,"white","Texas",5
"936",6399,6,0.34,0.29,6.1,0.046,29,134,0.99462,3.48,0.57,10.7,"white","California",6
"937",6400,7,0.39,0.21,10.7,0.098,13,91,0.99657,3.03,0.47,9.3,"white","California",6
"938",6401,7.2,0.31,0.41,8.6,0.053,15,89,0.9976,3.29,0.64,9.9,"white","California",6
"939",6402,6.9,0.25,0.27,9.05,0.039,37,128,0.9936,3.27,0.34,11.3,"white","Texas",6
"940",6403,7.2,0.49,0.24,2.2,0.07,5,36,0.996,3.33,0.48,9.4,"red","Texas",5
"941",6404,7.2,0.34,0.32,2.5,0.09,43,113,0.9966,3.32,0.79,11.1,"red","Texas",6
"942",6405,8.3,0.33,0.42,1.15,0.033,18,96,0.9911,3.2,0.32,12.4,"white","Texas",6
"943",6406,7.4,0.25,0.37,2.6,0.05,24,132,0.99138,3.04,0.53,11.2,"white","California",6
"944",6407,7.8,0.29,0.29,3.15,0.044,41,117,0.99153,3.24,0.35,11.5,"white","California",6
"945",6408,9.7,0.24,0.49,4.9,0.032,3,18,0.99368,2.85,0.54,10,"white","California",6
"946",6409,6.8,0.59,0.06,6,0.06,11,18,0.9962,3.41,0.59,10.8,"red","California",6
"947",6410,6.8,0.28,0.43,7.6,0.03,30,110,0.99164,3.08,0.59,12.5,"white","California",7
"948",6411,7.2,0.21,0.36,15.7,0.045,68,183,0.99922,3.25,0.76,9.4,"white","California",6
"949",6412,6.3,0.21,0.31,1.2,0.043,30,117,0.99158,3.49,0.68,11,"white","California",6
"950",6413,9,0.2,0.33,3.5,0.049,10,40,0.9944,3.14,0.36,9.8,"white","Texas",5
"951",6414,6.8,0.26,0.34,15.1,0.06,42,162,0.99705,3.24,0.52,10.5,"white","Texas",6
"952",6415,6.7,0.22,0.39,10.2,0.038,60,149,0.99725,3.17,0.54,10,"white","California",6
"953",6416,7.8,0.28,0.31,2.1,0.046,28,208,0.99434,3.23,0.64,9.8,"white","California",6
"954",6417,6.9,0.635,0.17,2.4,0.241,6,18,0.9961,3.4,0.59,10.3,"red","California",6
"955",6418,6.2,0.41,0.22,1.9,0.023,5,56,0.98928,3.04,0.79,13,"white","California",7
"956",6419,7.2,0.23,0.38,14.3,0.058,55,194,0.9979,3.09,0.44,9,"white","California",6
"957",6420,6,0.45,0.65,9.7,0.08,11,159,0.9956,3.04,0.48,9.4,"white","Texas",5
"958",6421,7,0.25,0.56,2,0.035,20,95,0.9918,3.23,0.53,11,"white","California",6
"959",6422,6.4,0.28,0.43,7.1,0.045,60,221,0.9952,3.09,0.45,9.4,"white","California",6
"960",6423,5.8,0.415,0.13,1.4,0.04,11,64,0.9922,3.29,0.52,10.5,"white","Texas",5
"961",6424,5,0.4,0.5,4.3,0.046,29,80,0.9902,3.49,0.66,13.6,"red","California",7
"962",6425,6.8,0.12,0.31,5.2,0.045,29,120,0.9942,3.41,0.46,9.8,"white","California",6
"963",6426,7,0.22,0.39,2.1,0.055,39,198,0.9951,3.52,0.54,10.2,"white","California",6
"964",6427,5.9,0.3,0.29,1.1,0.036,23,56,0.9904,3.19,0.38,11.3,"white","Texas",6
"965",6428,6.4,0.24,0.28,11.5,0.05,34,163,0.9969,3.31,0.45,9.5,"white","Texas",5
"966",6429,6.9,0.38,0.29,13.65,0.048,52,189,0.99784,3,0.6,9.5,"white","California",6
"967",6430,6.8,0.23,0.33,1.9,0.047,20,101,0.9914,3.1,0.46,11.1,"white","Texas",6
"968",6431,6.4,0.29,0.44,3.6,0.197,75,183,0.9942,3.01,0.38,9.1,"white","Texas",5
"969",6432,6.1,0.29,0.27,1.7,0.024,13,76,0.9893,3.21,0.51,12.6,"white","California",7
"970",6433,7.1,0.31,0.3,2.2,0.053,36,127,0.9965,2.94,1.62,9.5,"red","Texas",6
"971",6434,5.5,0.17,0.23,2.9,0.039,10,108,0.99243,3.28,0.5,10,"white","California",6
"972",6435,6.8,0.21,0.55,14.6,0.053,34,159,0.99805,2.93,0.44,9.2,"white","Texas",5
"973",6436,6.8,0.16,0.36,1.3,0.034,32,98,0.99058,3.02,0.58,11.3,"white","California",6
"974",6437,6.2,0.24,0.29,13.3,0.039,49,130,0.9952,3.33,0.46,11,"white","California",7
"975",6438,6.6,0.23,0.37,8.5,0.036,46,153,0.99576,3.2,0.48,9.4,"white","California",6
"976",6439,6.8,0.44,0.37,5.1,0.047,46,201,0.9938,3.08,0.65,10.5,"white","Texas",5
"977",6440,5.2,0.2,0.27,3.2,0.047,16,93,0.99235,3.44,0.53,10.1,"white","California",6
"978",6441,6.9,0.28,0.28,12.2,0.042,52,139,0.99522,3.03,0.56,10.4,"white","California",6
"979",6442,4.7,0.145,0.29,1,0.042,35,90,0.9908,3.76,0.49,11.3,"white","Texas",6
"980",6443,7.1,0.68,0,2.3,0.087,17,26,0.99783,3.45,0.53,9.5,"red","Texas",5
"981",6444,15.5,0.645,0.49,4.2,0.095,10,23,1.00315,2.92,0.74,11.1,"red","Texas",5
"982",6445,8.9,0.12,0.45,1.8,0.075,10,21,0.99552,3.41,0.76,11.9,"red","California",7
"983",6446,7.5,0.42,0.32,2.7,0.067,7,25,0.99628,3.24,0.44,10.4,"red","Texas",5
"984",6447,8.1,0.66,0.7,2.2,0.098,25,129,0.9972,3.08,0.53,9,"red","Texas",5
"985",6448,7,0.34,0.39,6.9,0.066,43,162,0.99561,3.11,0.53,9.5,"white","California",6
"986",6449,7.1,0.18,0.42,1.4,0.045,47,157,0.9916,2.95,0.31,10.5,"white","California",6
"987",6450,7.4,0.31,0.48,14.2,0.042,62,204,0.9983,3.06,0.59,9.4,"white","Texas",5
"988",6451,6.4,0.4,0.23,1.6,0.066,5,12,0.9958,3.34,0.56,9.2,"red","Texas",5
"989",6452,7.8,0.15,0.24,7.7,0.047,21,98,0.9951,2.94,0.31,9.6,"white","California",6
"990",6453,7.3,0.4,0.28,6.5,0.037,26,97,0.99148,3.16,0.58,12.6,"white","California",7
"991",6454,7.6,0.28,0.39,1.9,0.052,23,116,0.9941,3.25,0.4,10.4,"white","California",6
"992",6455,10.2,0.29,0.49,2.6,0.059,5,13,0.9976,3.05,0.74,10.5,"red","California",6
"993",6456,6.8,0.18,0.32,7.2,0.047,17,109,0.99498,3.42,0.44,10.4,"white","California",6
"994",6457,8.6,0.34,0.36,1.4,0.045,11,119,0.99556,3.17,0.47,9.4,"white","Texas",5
"995",6458,6.8,0.26,0.44,8.2,0.046,52,183,0.99584,3.2,0.51,9.4,"white","California",6
"996",6459,6.4,0.24,0.29,11.4,0.051,32,166,0.9968,3.31,0.45,9.5,"white","Texas",5
"997",6460,6.9,0.23,0.24,14.2,0.053,19,94,0.9982,3.17,0.5,9.6,"white","Texas",5
"998",6461,5.9,0.27,0.29,11.4,0.036,31,115,0.9949,3.35,0.48,10.5,"white","California",6
"999",6462,6.1,0.36,0.16,6.4,0.037,36,198,0.9944,3.17,0.62,9.9,"white","California",6
"1000",6463,7.7,0.835,0,2.6,0.081,6,14,0.9975,3.3,0.52,9.3,"red","Texas",5
"1001",6464,7,0.65,0.02,2.1,0.066,8,25,0.9972,3.47,0.67,9.5,"red","California",6
"1002",6465,6.9,0.23,0.32,16.4,0.045,62,153,0.9972,3.22,0.42,10.5,"white","California",6
"1003",6466,6.4,0.16,0.28,2.2,0.042,33,93,0.9914,3.31,0.43,11.1,"white","California",6
"1004",6467,7.8,0.22,0.26,9,0.047,38,132,0.997,3.25,0.53,10.2,"white","California",6
"1005",6468,7,0.22,0.3,1.8,0.065,16,20,0.99672,3.61,0.82,10,"red","California",6
"1006",6469,7.7,0.26,0.34,6.4,0.05,36,163,0.9937,3.19,0.7,11.5,"white","California",6
"1007",6470,6.9,0.4,0.17,12.9,0.033,59,186,0.99754,3.08,0.49,9.4,"white","California",6
"1008",6471,6.8,0.27,0.22,17.8,0.034,16,116,0.9989,3.07,0.53,9.2,"white","California",6
"1009",6472,7.1,0.63,0.06,2,0.083,8,29,0.99855,3.67,0.73,9.6,"red","California",6
"1010",6473,6.3,0.25,0.23,14.9,0.039,47,142,0.99705,3.14,0.35,9.7,"white","California",6
"1011",6474,8.6,0.45,0.31,2.6,0.086,21,50,0.9982,3.37,0.91,9.9,"red","California",6
"1012",6475,5.6,0.15,0.26,5.55,0.051,51,139,0.99336,3.47,0.5,11,"white","California",6
"1013",6476,7,0.35,0.17,1.1,0.049,7,119,0.99297,3.13,0.36,9.7,"white","California",6
"1014",6477,8,0.62,0.35,2.8,0.086,28,52,0.997,3.31,0.62,10.8,"red","Texas",5
"1015",6478,6.9,0.63,0.33,6.7,0.235,66,115,0.99787,3.22,0.56,9.5,"red","Texas",5
"1016",6479,6.2,0.21,0.26,13.1,0.05,59,150,0.99772,3.31,0.46,9,"white","California",6
"1017",6480,6.6,0.21,0.49,18.15,0.042,41,158,0.9997,3.28,0.39,8.7,"white","California",6
"1018",6481,7.4,0.19,0.3,12.8,0.053,48.5,229,0.9986,3.14,0.49,9.1,"white","California",6
"1019",6482,5.9,0.19,0.26,7.4,0.034,33,123,0.995,3.49,0.42,10.1,"white","California",6
"1020",6483,5.4,0.46,0.15,2.1,0.026,29,130,0.98953,3.39,0.77,13.4,"white","California",7
"1021",6484,7.4,0.44,0.2,11.5,0.049,44,157,0.998,3.27,0.44,9,"white","Texas",5
"1022",6485,6.5,0.23,0.36,16.3,0.038,43,133,0.99924,3.26,0.41,8.8,"white","California",6
"1023",6486,11.4,0.26,0.44,3.6,0.071,6,19,0.9986,3.12,0.82,9.3,"red","Texas",6
"1024",6487,6.8,0.17,0.35,1.8,0.04,29,84,0.98961,2.91,0.57,12,"white","California",7
"1025",6488,6.8,0.33,0.31,7.4,0.045,34,143,0.99226,3.06,0.55,12.2,"white","California",6
"1026",6489,7,0.36,0.35,2.5,0.048,67,161,0.99146,3.05,0.56,11.1,"white","California",6
"1027",6490,8,0.23,0.35,9.2,0.044,53,186,0.997,3.09,0.56,9.5,"white","California",6
"1028",6491,5.8,0.3,0.38,4.9,0.039,22,86,0.98963,3.23,0.58,13.1,"white","California",7
"1029",6492,6.6,0.4,0.46,6.2,0.056,42,241,0.9968,3.5,0.6,9.9,"white","California",6
"1030",6493,7.7,0.26,0.31,1.3,0.043,47,155,0.9937,3.42,0.5,10.1,"white","California",6
"1031",6494,13,0.32,0.65,2.6,0.093,15,47,0.9996,3.05,0.61,10.6,"red","Texas",6
"1032",6495,11.9,0.4,0.65,2.15,0.068,7,27,0.9988,3.06,0.68,11.3,"red","California",6
"1033",6496,7.1,0.21,0.32,2.2,0.037,28,141,0.993,3.2,0.57,10,"white","California",6
"1034",6497,6.3,0.28,0.34,8.1,0.038,44,129,0.99248,3.26,0.29,12.1,"white","California",6
